Haplotype	Europe	North America	North-East Asia	South Asia	South and Central America	South-East Asia	Western Asia	Weighted	Mean
01:01/08:01/07:01	6.963785952326446	16.422883129968586	0.9061423745687468	0.0	1.447407885624521	0.0383933594460389	0.0	14.401762737813772	3.682658957419191
03:01/07:02/07:02	4.63580357780162	8.31004643487373	0.5721314967321199	0.5085360687328387	1.5717741937967065	0.0674934407750666	0.0	7.403686783562659	2.237969316101726
29:02/44:03/16:01	1.3136447853413795	5.353774113642609	0.030177404562153	0.0	2.493824403018627	0.0	0.0	4.596834532087477	1.313060100937824
02:01/07:02/07:02	2.6312257615509287	5.042268491688285	0.6922716755351083	0.4989470856636711	1.2469621879675818	0.034665380225236	5.960555952315552	4.552077899373661	2.3009852192780516
02:01/44:02/05:01	2.4616875252219725	4.579206778740706	0.2708787346518958	0.0	1.8155081643142217	0.0315424180123872	0.0	4.070090192702658	1.3084033744201689
01:01/57:01/06:02	1.1453266509999231	4.200553499763691	0.1323223444849783	5.125656413885994	0.6150333825364037	0.1376124845580013	0.0	3.6389886597159484	1.6223578251755701
03:01/35:01/04:01	1.649051467992392	3.147717019479858	0.4156647795728332	0.544142292621583	0.7845874489833707	0.0473650816367234	0.0	2.802652147158719	0.9412182986123944
33:03/58:01/03:02	0.2954016387867049	2.976421915337242	0.4801075219754254	2.2675595207777026	0.0	7.270362229307943	1.570070867439433	2.691977093045616	2.1228462419463505
24:02/07:02/07:02	1.2388603292438194	2.7442653399729	4.0030585999989015	1.6089293698224716	0.6297294012673613	0.0341476447079743	0.0	2.5492467123604396	1.4655700978590613
02:01/08:01/07:01	0.644890661265325	2.200031588753428	0.0574148045840123	0.0	0.3888946453294231	0.0	0.0	1.8994241793269873	0.47017595713316984
02:01/40:01/03:04	1.4620367457645669	1.929692752368231	0.6671045258758531	0.133185875371545	0.2141419872225255	0.4987775735007703	0.5420351956637184	1.7895792975576632	0.7781392365381729
23:01/44:03/04:01	1.095318118296729	1.8101542373716109	0.0991650459669257	0.1605829698548809	0.6054359825488397	0.0212896246656232	0.0	1.621021197233468	0.5417065683863728
11:01/35:01/04:01	1.4866826593706617	1.74675314547393	0.1456959152757684	0.6707288678621056	0.8541685988932108	0.1059869453663335	0.0	1.6116853670998463	0.7157165903202871
02:01/15:01/03:04	1.1382455541152423	1.699026676481406	0.2023691890232122	0.0	0.0	0.0248020118713736	0.0	1.5343012973502053	0.4377776330701763
33:03/44:03/07:01	0.021895482054215	1.6412231910923931	0.0475278985521398	3.3151604206070733	0.0341907374556973	0.3009573882120723	0.0	1.3891585263701225	0.7658507311390843
30:01/42:01/17:01	0.0	1.460875855437123	0.0	0.0	0.102572212367092	0.0	0.7452983940376128	1.2261258760068274	0.3298209231202611
30:02/18:01/05:01	0.2559935690585707	1.4341595157038505	0.0	0.0	0.9892320091348692	0.0	0.0	1.2224402318975323	0.38276929912818436
24:02/52:01/12:02	0.059886500038093	0.7845473596972378	8.763206124919124	1.5913170376455237	0.1181679873468838	0.090007380593727	0.5563185555494515	0.9658231327357208	1.7090644208271488
02:01/18:01/07:01	1.1924237337447423	0.940818417127996	0.1135974694415309	0.0829911986174042	0.1024722394505548	0.0	0.5742643154058854	0.9108002654720815	0.42950962482687327
11:01/52:01/12:02	0.4660887013294027	0.8465483161888295	0.2227961979980107	1.4142010211533047	0.0	0.2320063288239107	0.9877492720980056	0.7785658936533774	0.5956271196559234
02:01/27:05/01:02	0.3834731027153322	0.8308435716106816	0.1167824176697984	0.0	0.1367629498227894	0.0	0.0	0.7340839435668671	0.20969457740265737
01:01/52:01/12:02	0.3260685797820294	0.8200472158031099	0.0364817257054878	0.4463203668324567	0.2478328600955372	0.0242984015681557	0.7896134336830926	0.7276284284323894	0.38438036906712414
33:03/53:01/04:01	0.0	0.6449514824345515	0.0	0.0	0.2050444518176469	0.0	0.0	0.5380588043267388	0.1214279906074569
68:01/58:02/06:02	0.0	0.5640316106120842	0.0	0.0	0.1366629769062522	0.0	0.0	0.4704644940249863	0.10009922678833377
25:01/18:01/12:03	2.3477480015359915	0.0	0.353117536847527	0.0	0.2050444518176469	0.0	0.0	0.24056792251256007	0.4151299986001665
02:01/51:01/15:02	0.593747059971407	0.0	0.4229119545671074	0.2947687391856718	0.3056172058539964	0.117086160094131	6.867366185061072	0.1504124355447024	1.2287853292476265
26:01/38:01/12:03	1.234734578213155	0.0	0.1802523118546777	0.0	0.7859870698148905	0.0440672162466674	0.0	0.12855923913562453	0.32072016801848435
02:01/51:01/14:02	0.6257709707257298	0.0	0.6432599731811688	0.1354856314778105	0.2857225954631082	0.3531360352012139	2.4702887802376896	0.11708652915862117	0.6448091408981029
02:01/27:05/02:02	1.1159357671551886	0.0	0.1593667292105491	0.0	0.0341907374556973	0.0	0.0	0.11393679389663305	0.18707046197449073
02:01/15:01/03:03	0.8820586799273777	0.0	0.439872047651283	0.0	0.2392351892733442	0.1695321655626382	0.0	0.10425435665063401	0.2472425832020919
02:01/50:01/06:02	0.2258338308194813	0.0	0.0	0.1243698103328745	0.4699726806410328	0.0	6.739182186086542	0.0965892566012807	1.0799083582685616
02:01/57:01/06:02	0.93912482434545	0.0	0.0956198355024158	0.3372642324536198	0.1024722394505548	0.0195785389025784	0.0	0.09628479100222886	0.2134370958078027
24:02/40:01/03:04	0.2598597423806765	0.0	1.1525833071190814	0.219376734658536	0.0341907374556973	1.4005157804118702	0.0	0.09176128621252315	0.4380751860036945
11:01/40:01/07:02	0.0449417887478842	0.0	0.2057860112291207	0.0	0.0	3.9761425265207935	0.0	0.08844266491965024	0.603838618071114
24:02/51:01/14:02	0.0984392117580042	0.0	1.8497575876716643	0.3355188175583603	0.0	0.6784537477085374	0.0	0.08563903958739684	0.42316705209950944
02:01/38:01/12:03	0.8360177861664551	0.0	0.0619237103460649	0.0	0.4423801556767859	0.0	0.0	0.08427839628296943	0.1914745217413294
03:01/35:03/04:01	0.7984068770675485	0.0	0.0506092786026275	0.6102352833277325	0.2392351892733442	0.0824931423552911	0.0	0.08352781159778606	0.2544256815180777
11:01/15:01/04:01	0.0740244909479016	0.0	1.553039582168568	0.0	0.0	1.026139533988241	0.0	0.07896065406771317	0.3790290867292444
31:01/51:01/14:02	0.0268956264025394	0.0	2.086413512578416	0.1609829274385793	0.0	0.133521714842228	0.0	0.07539957571969555	0.343973397323109
24:02/15:01/03:03	0.5689380071806532	0.0	0.5233267452015747	0.0776620637828117	0.1024722394505549	0.0842903189236498	0.0	0.074917983045697	0.1938127677913206
31:01/51:01/15:02	0.1729640180102026	0.0	0.0462800504356246	0.1605829698548809	0.2734259267290416	0.0635208891075879	4.57763372337893	0.07045881048454011	0.756343939645181
02:01/35:01/04:01	0.6032731362761553	0.0	0.1044335410296662	0.1254866918853522	0.3642013349447527	0.0524808046661767	0.0	0.06434977302097189	0.17855364411458616
24:02/40:02/03:04	0.0626989992684235	0.0	1.5588309481033644	0.0	0.7031095220056124	0.1836787127195104	0.0	0.06311064740486247	0.3583311688709872
68:01/35:03/04:01	0.4274020121980028	0.0	0.0256107570672259	0.1998798023472015	0.0	0.0230238650068322	1.5400391876796864	0.06030029629052047	0.3165650891855641
26:01/08:01/07:02	0.0381017583753192	0.0	0.0	0.8544953790560602	0.0	0.1252732135329662	4.571407643428739	0.05875645379247831	0.7984682849132978
23:01/50:01/06:02	0.1170798540801892	0.0	0.0	0.0	0.1024722394505548	0.0	4.197110366423116	0.057213850432987795	0.6309517799934086
26:01/40:02/03:04	0.0140490166564027	0.0	1.6131369344910638	0.0	0.0341907374556973	0.0353793378579105	0.0	0.055964452881542205	0.24239371806586774
24:02/35:01/04:01	0.3623886216513148	0.0	0.1748918752965354	0.6420449098532203	0.189348703921318	0.0516325972570754	0.8720174330238605	0.0541513939755824	0.3274748772861892
11:01/07:02/07:02	0.4384316933054973	0.0	0.1655826958136841	0.4349538722719379	0.0356903312037542	0.104819258642905	0.0	0.05177242897164663	0.16849683589111122
11:01/40:01/03:04	0.1385849216815755	0.0	0.2249798703578572	0.3209319645232984	0.1366629769062522	1.3845762099106385	0.0	0.04924901589950545	0.3151051347685174
24:02/35:01/03:03	0.0172207625436085	0.0	1.1908170130644138	0.0	0.0	0.3120960798300977	0.0	0.04748109234584522	0.21716197934830286
01:01/07:02/07:02	0.4331640299613052	0.0	0.063000271044353	0.6220860265327142	0.1721533622769322	0.0	0.0	0.046717509832710245	0.18434338425932922
02:01/35:01/03:03	0.1452489164670917	0.0	0.8514182605238199	0.0	0.0	0.1696516380830281	0.0	0.04584061511752955	0.16661697358199137
68:01/08:01/07:02	0.0189495035651945	0.0	0.0	0.0601936163465992	0.0	0.0	3.967477888260176	0.04517274404877035	0.5780887154531386
24:02/40:06/08:01	0.0123617214044254	0.0	1.0660279135583937	0.0	0.0	0.3732337200162345	0.0	0.04403040352918361	0.20737476499700763
02:01/15:01/04:01	0.3649201223834544	0.0	0.1492835301474625	0.0	0.0	0.0646188427748311	0.0	0.04173366076860971	0.08268892790082115
24:02/18:01/07:01	0.4034120547084335	0.0	0.0445373880334304	0.2012126609948762	0.0	0.0162061493651712	0.0	0.041731777995136575	0.09505260758598734
11:01/51:01/15:02	0.2812556300317698	0.0	0.2948763101538375	0.1032890459900946	0.2392351892733442	0.1313470910088825	0.0	0.04058662725546996	0.1500004666368469
11:01/51:01/14:02	0.0773175216211261	0.0	0.2886780309504907	0.5884375950161734	0.0	1.0792398352470642	0.0	0.04012921029824541	0.29052471183355066
32:01/40:02/02:02	0.3747911866266353	0.0	0.0460899211952456	0.0	0.2733259538125045	0.0	0.0	0.038545273523608176	0.09917243737634077
24:02/40:01/07:02	0.0174112976422876	0.0	0.1233798796347953	0.0	0.0	1.6503149177419432	0.0	0.03785494749077242	0.2558722992884323
02:06/35:01/03:03	0.013428570825678	0.0	1.02916968124483	0.0	0.0	0.1128203312780652	0.0	0.037847649495666526	0.16505979762122475
30:02/53:01/04:01	0.0218906408668993	0.0	0.0	0.0400957477657579	0.0	0.0	3.239392774084858	0.037476248245476955	0.4716255946739307
02:01/35:03/04:01	0.3599474279350383	0.0	0.0494620713786125	0.1884586135871118	0.0683814749113947	0.0	0.0	0.037447581904551094	0.0951785125445939
24:02/08:01/07:02	0.0928840639059131	0.0	0.0	0.1620828107937497	0.0	0.0299237308521972	2.4435532604515737	0.03673118257259176	0.38977769514334765
26:01/07:02/07:02	0.2887143689533459	0.0	0.2120908477395822	0.1651824820674118	0.0	0.0	0.0	0.035729203334775306	0.0951410998229057
02:01/51:01/01:02	0.3259905718082008	0.0	0.0701470731370328	0.0	0.0341907374556973	0.0735013131740183	0.0	0.035546887757136866	0.07197567079642131
31:01/40:01/03:04	0.254478817853521	0.0	0.2623693431056143	0.1066886854515304	0.2050444518176469	0.0616758228898091	0.0	0.03548705158292275	0.12717958873116025
03:01/38:01/12:03	0.2692657342577954	0.0	0.0373542628656614	0.0	0.2391352163568071	0.3167691797449167	0.0	0.034070761430210386	0.12321777046074009
26:01/35:01/03:03	0.0	0.0	0.9515032780412596	0.0	0.0	0.0789205121393186	0.0	0.033290927110538465	0.14720339859722545
68:01/40:01/03:04	0.3189225331633222	0.0	0.0426875911129396	0.0	0.0	0.0	0.0	0.032446859263941294	0.05165858918232311
24:02/44:02/05:01	0.2849056911322427	0.0	0.0560710775672473	0.0	0.0622831270026299	0.0235271634638794	0.0	0.030166935457136196	0.06096957988085704
31:01/40:02/03:04	0.0	0.0	0.8774479904503609	0.0	0.2050444518176469	0.0232946041821832	0.0	0.030152028769228637	0.15796957806431303
02:01/40:02/02:02	0.2981125042780812	0.0	0.0	0.0	0.1367629498227894	0.0	0.0	0.029273257442167258	0.06212506487155295
24:02/44:03/04:01	0.2961715361159777	0.0	0.0	0.0	0.1708537143619496	0.0	0.0	0.029153109066516542	0.06671789292541819
02:01/44:03/04:01	0.2753755553249926	0.0	0.0319546996352608	0.0400957477657579	0.2830233267166057	0.0	0.0	0.028560217318470825	0.09006418992037385
03:01/44:02/05:01	0.1922430489727576	0.0	0.2528633552244219	0.0	0.0683814749113947	0.0591255874314354	0.0	0.028425366316119777	0.08180192379142995
02:06/51:01/14:02	0.0148020773491342	0.0	0.6345691517916067	0.0644931603713563	0.0	0.2734619609655594	0.0	0.028150846897733735	0.14104662149680808
02:06/40:06/08:01	0.0157805220497054	0.0	0.6675795294491822	0.0	0.0	0.1831843018783241	0.0	0.0273737569072902	0.12379205048245881
24:02/18:01/12:03	0.2656747631377452	0.0	0.0	0.2787704358377386	0.2403348913552526	0.0	0.0	0.027282653896438133	0.11211144147581947
02:01/52:01/12:02	0.1427569198658901	0.0	0.2296789465896589	0.7364219009845567	0.2278382767881118	0.1346978781115654	0.0	0.027152085962504017	0.21019913176282612
11:01/35:03/12:03	0.2477681551894291	0.0	0.0298596291918351	0.1955792584284851	0.0683814749113947	0.053858583572195	0.0	0.02695162648505996	0.08506387161333415
68:01/07:02/07:02	0.108732231532106	0.0	0.0	0.1919032482767137	0.0	0.0	1.4360270285117835	0.026843079901065638	0.24809464404580048
03:01/08:01/07:01	0.2701936386816809	0.0	0.0	0.0	0.2051444247341841	0.0	0.0	0.026695255835892096	0.06790543763083785
24:02/27:05/02:02	0.260936899491873	0.0	0.0337859433391907	0.0	0.0	0.0	0.0	0.02650939867745122	0.04210326326158053
68:02/14:02/08:02	0.2405315396964233	0.0	0.0319513394415948	0.0	0.6825151011989643	0.0	0.0	0.02583776363534285	0.1364282829052832
02:01/18:01/12:03	0.2627481783644722	0.0	0.0	0.0	0.1354633019078067	0.0	0.0	0.02583070013166043	0.05688735432461127
24:02/38:01/12:03	0.238886653931473	0.0	0.0328294425667366	0.0	0.5359548055555364	0.0175423535067233	0.0	0.02575253676488747	0.1178876079372099
02:01/40:01/07:02	0.0	0.0	0.1128769861984163	0.0	0.0	1.1120419487780218	0.0	0.025359421635719772	0.1749884192823483
03:01/50:01/06:02	0.066450009770231	0.0	0.0	0.4989470856636711	0.0	0.0	1.561647347506821	0.0251486671020026	0.3038634918486747
01:01/35:01/04:01	0.2229033715755269	0.0	0.0419462045791665	0.3730604361946206	0.1709536872784867	0.0	0.0	0.02470592910215629	0.1155519570896858
03:01/40:01/03:04	0.2393567092685424	0.0	0.0	0.08879058358103	0.1276654144179108	0.021032769732275	0.0	0.024252577320725378	0.06812078242853689
24:02/40:02/02:02	0.230280299538623	0.0	0.0464876609289409	0.0	0.0341907374556973	0.0	0.0	0.02402018835713713	0.044422671131894464
24:02/35:03/04:01	0.2098860398910586	0.0	0.0290947213023997	0.7631190696964205	0.0	0.0	0.0	0.02400426759359206	0.14315711869855413
02:01/40:02/03:04	0.0238406999780476	0.0	0.6113254347079039	0.0	0.0341907374556973	0.0597149766937965	0.0	0.023951693658670115	0.10415312126220647
31:01/15:01/03:03	0.1186122052363963	0.0	0.3094812373130888	0.0	0.102572212367092	0.0927789630464828	0.0	0.023875218017083127	0.0890635168518657
68:01/51:01/15:02	0.2291459122297137	0.0	0.0	0.2475737443092685	0.0341907374556973	0.0241365179685695	0.0	0.023675953949806244	0.076435273137607
32:01/44:02/05:01	0.2075227496358367	0.0	0.0451438926828059	0.1403851118781151	0.1708537143619496	0.0	0.0	0.02251836411029709	0.08055792407981532
03:01/14:02/08:02	0.2114866182594459	0.0	0.0229601414759119	0.0	0.3433069953884932	0.0	0.0	0.022029317805629466	0.0825362507319787
24:02/51:01/15:02	0.1375737473291782	0.0	0.2185200732597421	0.0	0.2727261163132817	0.0395025395754222	0.0	0.02199182053393432	0.09547463949680345
31:01/50:01/06:02	0.0	0.0	0.0	0.0	0.0	0.0	2.022011023823912	0.021977511465446686	0.2888587176891303
03:01/18:01/07:01	0.2243877857108627	0.0	0.0	0.0	0.0	0.0	0.0	0.02182653036435048	0.03205539795869467
11:01/15:01/03:03	0.1183412238791006	0.0	0.1608794966448688	0.1986789297021472	0.0341907374556973	0.2058333561377933	0.0	0.02162774865446362	0.10256053483137245
02:01/51:01/02:02	0.2102939882274094	0.0	0.0	0.0	0.3417074287238992	0.0	0.0	0.021143741101228113	0.07885734527875837
11:01/35:01/03:03	0.0127186889400952	0.0	0.3600560893916535	0.0	0.0	0.3899396312193824	0.0	0.020826091008593027	0.10895920136444731
24:02/08:01/07:01	0.202931483218126	0.0	0.0	0.0	0.0714806353240456	0.0	0.0	0.019883392920717665	0.03920173122031023
26:01/27:05/01:02	0.202263894967779	0.0	0.0	0.0	0.0	0.0	0.0	0.019674506930669827	0.02889484213825414
24:02/15:01/04:01	0.0407007027037261	0.0	0.3523170067822948	0.1554835106627272	0.0	0.1607558858719401	0.0	0.0193729566600014	0.10132244371724117
03:01/51:01/15:02	0.1176785120214891	0.0	0.0	0.0802914849274404	0.1394622185692918	0.0236054510275163	0.6156494350748044	0.019152896749733427	0.13952672880293457
32:01/35:01/04:01	0.1714230220454024	0.0	0.0	0.6457315188809597	0.1036719144490004	0.0	0.0	0.019097987335278753	0.13154663648219464
31:01/07:02/07:02	0.1055599564530453	0.0	0.2417142738699122	0.1493841575113276	0.0683814749113947	0.0	0.0	0.018985777314481735	0.08071998039223997
02:01/58:01/03:02	0.0743060146272034	0.0	0.0	0.0696926089594346	0.0683814749113947	0.1880159117841569	0.7086743943306049	0.018957863019201777	0.1584386292303992
03:01/15:01/03:03	0.1804756108348011	0.0	0.0403338269865999	0.0	0.0	0.0	0.0	0.018901361047437473	0.03154420540305729
03:01/27:05/02:02	0.1746045205200177	0.0	0.0216201251024592	0.0802914849274404	0.0341907374556973	0.0373779812272778	0.0	0.01877563327313061	0.049726407033270345
02:01/14:02/08:02	0.1816149663025521	0.0	0.0	0.0	0.2392351892733442	0.0	0.0	0.01814773038265309	0.06012145079655661
24:02/57:01/06:02	0.1417467102353654	0.0	0.0	0.9683972995295904	0.0	0.0283446977675592	0.0	0.017659540932903277	0.16264124393321644
02:06/40:02/03:04	0.0	0.0	0.5029048074393029	0.0	0.0	0.0445704721792369	0.0	0.01765098410898438	0.07821075423121997
68:02/53:01/04:01	0.1687574094180609	0.0	0.0	0.0	0.3724990870173342	0.0	0.0	0.017165425580759328	0.07732235663362787
02:01/40:01/15:02	0.0	0.0	0.3071462737795309	0.0	0.0	0.3559895977597624	0.0	0.017163751939508077	0.09473369593418476
02:01/08:01/07:02	0.035456048092559	0.0	0.0	0.0601936163465992	0.0341907374556973	0.0	1.1825889505392884	0.016577878971135034	0.187489907490592
03:01/15:01/03:04	0.1654817320458469	0.0	0.0	0.0	0.0	0.0	0.0	0.01609665177541406	0.023640247435120988
01:01/35:03/04:01	0.1581416285839708	0.0	0.0	0.2054782086250188	0.0	0.0	0.0	0.016087390140320918	0.05194569102985566
24:02/51:01/01:02	0.1414602375101503	0.0	0.0371711013888353	0.0400957477657579	0.1367629498227894	0.0240781672976097	0.0	0.015881157475774482	0.05422402911216322
32:01/07:02/07:02	0.1502202145611832	0.0	0.0256795070419265	0.0	0.0683814749113947	0.0	0.0	0.015606960624836411	0.03489731378778634
03:01/51:01/01:02	0.1580977496579504	0.0	0.0	0.0	0.0	0.0	0.0	0.015378400934403819	0.022585392808278627
24:02/35:03/12:03	0.1171933885525622	0.0	0.0	0.8161045504802125	0.2733259538125045	0.0311299660147548	0.0	0.015353397951566419	0.1768219798371477
03:01/57:01/06:02	0.152444147384398	0.0	0.0	0.146884422613213	0.0	0.0	0.0	0.015332230805442746	0.042761224285373
02:01/15:01/01:02	0.0965085230550168	0.0	0.1266220748434958	0.0450952175619871	0.216941228885565	0.0289370495685407	0.0	0.01476721917940517	0.07344344198780077
03:01/18:01/12:03	0.1424544012148902	0.0	0.0	0.1605829698548809	0.1366629769062522	0.0	0.0	0.014682708690569403	0.0628143354251462
26:01/40:01/03:04	0.0765275811326667	0.0	0.1818183682498972	0.0	0.0	0.0481727419562387	0.0	0.01444789255153137	0.0437883844769718
24:02/40:02/03:03	0.0	0.0	0.3706382256774326	0.0	0.0	0.0966194549481416	0.0	0.014246894132568202	0.06675109723222489
31:01/35:01/03:03	0.0	0.0	0.4050119967613275	0.0	0.0	0.0334178325324919	0.0	0.014167045812121776	0.06263283275625992
31:01/35:01/04:01	0.0595456179202431	0.0	0.1627847882975617	0.1247024750531156	0.2338366517803394	0.0912128361408583	0.0	0.013895019693840356	0.09601176702744546
11:01/44:02/05:01	0.1163117251565695	0.0	0.0431961141641885	0.0400957477657579	0.410188876551831	0.0	0.0	0.013719139670842812	0.08711320909119241
32:01/27:05/02:02	0.1371731355419918	0.0	0.0	0.0570939450729371	0.0	0.0	0.0	0.013538845903302898	0.027752440087846983
11:01/27:05/02:02	0.1311891989475794	0.0	0.0	0.0402125353801978	0.0	0.0176906221859993	0.0	0.013242370956747136	0.027013193787682358
02:01/18:01/05:01	0.1251309070353618	0.0	0.0	0.0	0.411688470299888	0.0	0.0	0.013000731571957535	0.07668848247646426
32:01/35:03/04:01	0.1273774966505823	0.0	0.0	0.1212871372565196	0.0	0.0	0.0	0.012806170707692983	0.035523519129585984
11:01/35:03/04:01	0.1094203445280143	0.0	0.0	0.4483554510077098	0.0341907374556973	0.0241482476370304	0.0	0.012718913030732491	0.08801639723263596
26:01/40:01/07:02	0.0	0.0	0.2081992487218806	0.0	0.0	0.2962651026703508	0.0	0.012701534276854467	0.0720663359131759
01:01/18:01/07:01	0.1255112999828702	0.0	0.0	0.10078931109198	0.0	0.0	0.0	0.01255434237069669	0.0323286587249786
03:01/44:03/04:01	0.1237622148194554	0.0	0.0	0.0802914849274404	0.102572212367092	0.0	0.0	0.012520466990364269	0.04380370173056969
02:01/44:03/16:01	0.1211647862551963	0.0	0.0	0.0	0.3398079433096937	0.0	0.0	0.012470187157697375	0.06585324708069858
25:01/57:01/06:02	0.1276608122128905	0.0	0.0	0.0	0.0	0.0	0.0	0.012417755205681004	0.018237258887555785
24:02/35:01/08:01	0.0	0.0	0.3719353016618893	0.0	0.0	0.0	0.0	0.012414181000433608	0.053133614523127044
24:02/40:06/15:02	0.0	0.0	0.1868064829810325	1.7891492571429817	0.0	0.0	0.0	0.012371267677303299	0.2822793914462877
24:02/27:05/01:02	0.1269275262495148	0.0	0.0	0.0	0.0	0.0	0.0	0.01234642740013817	0.018132503749930688
26:01/51:01/14:02	0.0546412886196484	0.0	0.1694297877263247	0.0890059607398516	0.0	0.0417491290000377	0.0	0.012086020542298534	0.050689452297980345
26:01/08:01/07:01	0.1211385473594791	0.0	0.0	0.0	0.0	0.0	0.0	0.011783324898272217	0.017305506765639873
01:01/38:01/12:03	0.1199482651830391	0.0	0.0	0.0	0.0	0.0	0.0	0.011667544398081847	0.01713546645471987
02:01/40:06/08:01	0.0	0.0	0.2838142433849984	0.0	0.0	0.1129771969892706	0.0	0.01166655670135334	0.05668449148203843
11:01/57:01/06:02	0.0883722131412254	0.0	0.0	0.6620297904166667	0.0	0.0329714318267462	0.0	0.011506822354679957	0.11191049076923404
11:01/08:01/07:01	0.1164424188226749	0.0	0.0	0.0	0.0697810957429144	0.0	0.0	0.01146705170101946	0.026603359223655615
26:01/35:01/04:01	0.1063297798134464	0.0	0.0	0.2149772012378543	0.0683814749113947	0.0	0.0	0.011217861219145569	0.0556697794232422
11:01/58:01/03:02	0.0156046321792824	0.0	0.0	0.1345107348675458	0.0	0.4635673909281504	0.0	0.01098004108740687	0.08766896542499694
26:01/15:01/03:03	0.0622968850437943	0.0	0.1058503058756258	0.0	0.102572212367092	0.0603850490653775	0.0	0.010971726962799312	0.04730063605026994
02:06/40:01/03:04	0.0	0.0	0.2418645136946853	0.0	0.0	0.1363713084495148	0.0	0.010720620088070147	0.054033688877742875
24:02/40:01/04:01	0.0	0.0	0.2477918128628179	0.0	0.0	0.1260197094785737	0.0	0.010717465875677448	0.05340164604877023
26:01/44:02/05:01	0.1086152474378993	0.0	0.0	0.0	0.0683814749113947	0.0	0.0	0.01070287263771242	0.02528524604989914
68:01/18:01/07:01	0.1044423369118875	0.0	0.0	0.1369854724166792	0.0	0.0	0.0	0.010629073945536848	0.0344896870469381
26:01/57:01/06:02	0.1045110367552363	0.0	0.0	0.1195873175258017	0.0	0.0	0.0	0.010576086669940624	0.03201405061157686
03:01/51:01/14:02	0.085205039643676	0.0	0.0	0.6169345728546797	0.0683814749113947	0.0	0.0	0.010541605014372252	0.11007444105853577
02:06/07:02/07:02	0.0157804385809586	0.0	0.2638960460670396	0.0510945813174621	0.0	0.0	0.0	0.010518350455871621	0.047253009423637186
11:01/15:01/01:02	0.0192960844763656	0.0	0.1103403492008414	0.4415531724029603	0.0	0.1742745874636905	0.0	0.010457987932355368	0.10649488479197969
01:01/15:01/03:03	0.0950161400523174	0.0	0.0237833889240887	0.0633932770161858	0.0	0.0	0.0	0.010253601794192307	0.026027543713227415
03:01/52:01/12:02	0.0771967382488464	0.0	0.0213933429520299	0.4141560779196245	0.0	0.0312974699328241	0.0	0.010251192890908728	0.07772051843618927
31:01/35:03/04:01	0.0665444058492647	0.0	0.0	0.9490103555537728	0.0	0.0254921770587169	0.0	0.01022262554939953	0.14872099120882207
26:01/27:05/02:02	0.1044134363817482	0.0	0.0	0.0	0.0	0.0	0.0	0.010156448722966643	0.0149162051973926
11:01/27:05/01:02	0.0986585846013483	0.0	0.0	0.0	0.2391352163568071	0.0	0.0	0.010078239640687053	0.04825625727973649
01:01/44:03/04:01	0.1023422380526611	0.0	0.0	0.0	0.0341907374556973	0.0	0.0	0.01002383399403797	0.019504710786908342
02:01/35:03/12:03	0.1030200048781184	0.0	0.0	0.0	0.0	0.0	0.0	0.010020907588549422	0.014717143554016914
33:03/50:01/06:02	0.0	0.0	0.0	0.0	0.0	0.0	0.9185299126517606	0.00998362592924113	0.13121855895025153
32:01/15:01/03:03	0.1018558676950555	0.0	0.0	0.0	0.0	0.0	0.0	0.009907670250367687	0.014550838242150786
01:01/44:02/05:01	0.0985256825502634	0.0	0.0	0.0	0.0	0.0	0.0	0.009583738237083441	0.014075097507180485
03:01/44:03/16:01	0.0952854526783764	0.0	0.0	0.0	0.1294649269155791	0.0	0.0	0.009529274576513085	0.03210719708485078
32:01/38:01/12:03	0.0978327312813719	0.0	0.0	0.0	0.0	0.0	0.0	0.009516333846672618	0.013976104468767415
32:01/08:01/07:01	0.0975269151692343	0.0	0.0	0.0	0.0	0.0	0.0	0.009486586663080013	0.013932416452747757
24:02/15:01/01:02	0.0161630918550574	0.0	0.2036777473872516	0.0	0.1588569643774944	0.0383303877818244	0.0	0.009434560820897638	0.05957545591451826
03:01/35:03/12:03	0.0814795380397322	0.0	0.0	0.2401745290108493	0.0	0.0334203840011601	0.0	0.009398257310085803	0.05072492157882023
25:01/15:01/03:03	0.0872968541519705	0.0	0.0227843188269699	0.0	0.0682815019948575	0.0	0.0	0.00938947791816445	0.025480382139113987
25:01/07:02/07:02	0.0950538000261778	0.0	0.0	0.0	0.0683814749113947	0.0	0.0	0.009383730676492237	0.023347896419653215
03:02/51:01/15:02	0.0402691545412238	0.0	0.0	0.0451952069579117	0.1024722394505548	0.0	0.4618286363053708	0.00929808227123592	0.09282360532215159
24:02/50:01/06:02	0.0390934830949824	0.0	0.0	0.0	0.1708537143619496	0.0	0.4687871962497024	0.009242059738103962	0.09696205624380491
25:01/35:01/04:01	0.0932546065156212	0.0	0.0	0.0	0.0683814749113947	0.0	0.0	0.009208720474109353	0.023090868775287987
26:01/51:01/15:02	0.0564505430285296	0.0	0.0999349013807772	0.0802914849274404	0.0341907374556973	0.0	0.0	0.00917080709710804	0.03869538097034921
68:01/50:01/07:01	0.0	0.0	0.0	0.0	0.0	0.0	0.8383233532934129	0.009111849980874378	0.11976047904191613
11:01/38:01/12:03	0.0882020698818124	0.0	0.0	0.0	0.0	0.0260302251015429	0.0	0.009084959566799061	0.01631889928333647
03:01/40:02/02:02	0.0926036400405287	0.0	0.0	0.0	0.0	0.0	0.0	0.009007692440971103	0.013229091434361243
26:01/52:01/12:02	0.0269133882689183	0.0	0.1608834752790869	0.2742709130211322	0.0341907374556973	0.0	0.0	0.008997265003693298	0.07089407343211923
02:01/51:01/16:01	0.0269445871888112	0.0	0.0	0.0	0.0341907374556973	0.0	0.5797579153619367	0.00899126070217425	0.09155617714377788
24:02/58:01/03:02	0.0166248522802761	0.0	0.0314202433101968	0.2599724294039168	0.0	0.2798068682007584	0.0	0.008990316956762213	0.08397491331359258
01:01/51:01/15:02	0.0858850085939568	0.0	0.0	0.1609829274385792	0.0341907374556973	0.0	0.0	0.00897513226096971	0.040151239069747616
01:01/40:01/03:04	0.0859718081894158	0.0	0.0	0.1298792260483191	0.0683814749113947	0.0	0.0	0.008945753950000586	0.040604644164161374
11:01/51:01/04:01	0.0796852485868491	0.0	0.0310455920237772	0.0401957371616825	0.0	0.0	0.0	0.008925176092521112	0.0215609396817584
68:01/38:01/12:03	0.0902492929027127	0.0	0.0	0.0	0.0	0.0	0.0	0.008778681627708841	0.012892756128958958
02:01/51:01/07:02	0.0301385131270795	0.0	0.0	0.0	0.0	0.0	0.5295830357633358	0.008687727242309871	0.07996022127005932
25:01/08:01/07:01	0.0859933269770157	0.0	0.0	0.0	0.1024722394505548	0.0	0.0	0.0085710575758248	0.026923652346795786
02:01/45:01/06:02	0.0872569575057138	0.0	0.0	0.0	0.0341907374556973	0.0	0.0	0.00855646653965718	0.017349670708773014
02:01/35:01/08:01	0.0	0.0	0.256145048169712	0.0	0.0	0.0	0.0	0.008549419687067617	0.03659214973853029
68:01/35:01/04:01	0.0752293813009624	0.0	0.0	0.2060181513630116	0.1708537143619496	0.0	0.0	0.008368313153538703	0.0645858924322748
01:01/40:06/15:02	0.0548683929325075	0.0	0.0	0.8487559877299891	0.0	0.0	0.0	0.008248076509206214	0.1290891972374995
03:01/27:05/01:02	0.084595246016611	0.0	0.0	0.0	0.0	0.0	0.0	0.008228704160575319	0.012085035145230143
02:06/15:01/03:03	0.0	0.0	0.2201403462766896	0.0622933936610154	0.0	0.0279547199564462	0.0	0.008104107951191547	0.04434120855630731
31:01/18:01/07:01	0.0824195530784931	0.0	0.0	0.0	0.0	0.0	0.0	0.008017071304415651	0.011774221868356156
11:01/40:06/08:01	0.0	0.0	0.1383433373967433	0.0	0.0	0.1726870849205566	0.0	0.007970490086806182	0.04443291747389998
24:02/14:02/08:02	0.0733544228410866	0.0	0.0	0.0400957477657579	0.3417074287238992	0.0	0.0	0.00796094281804039	0.06502251419010624
31:01/44:02/05:01	0.0802508751085086	0.0	0.0	0.0	0.0683814749113947	0.0	0.0	0.007943828369986854	0.021233192859986184
01:01/27:05/02:02	0.0793772050546136	0.0	0.0	0.0602936057425237	0.0	0.0	0.0	0.007927924388954422	0.019952972971019615
32:01/52:01/12:02	0.0504868326374362	0.0	0.0	0.1598830440834089	0.0341907374556973	0.1208449482991027	0.0	0.007874506169313657	0.052200794639377865
11:01/18:01/07:01	0.0769014298828474	0.0	0.0	0.0906903821035971	0.0341907374556973	0.0	0.0	0.007860206578187711	0.028826078491734543
33:03/35:03/12:03	0.0	0.0	0.0	0.0401957371616825	0.0	0.3948438587584782	0.0	0.007804320436772032	0.062148513702880104
11:01/40:02/03:04	0.0	0.0	0.1522305849100493	0.0	0.0	0.1402049255605954	0.0	0.007803320407913875	0.04177650149580639
25:01/44:02/05:01	0.0799944550226421	0.0	0.0	0.0	0.0	0.0	0.0	0.007781178445163658	0.011427779288948873
01:01/51:01/12:03	0.079825722243578	0.0	0.0	0.0	0.0	0.0	0.0	0.007764765559257072	0.01140367460622543
32:01/51:01/15:02	0.0737722545066137	0.0	0.0	0.1606829592508055	0.0	0.0	0.0	0.0077270242602915165	0.0334936019653456
01:01/14:02/08:02	0.0793719192971903	0.0	0.0	0.0	0.0	0.0	0.0	0.007720623478361786	0.011338845613884329
31:01/27:05/02:02	0.0789792458759068	0.0	0.0	0.0	0.0	0.0	0.0	0.007682427556396756	0.011282749410843828
25:01/27:05/02:02	0.0786860886339123	0.0	0.0	0.0	0.0	0.0	0.0	0.00765391171974526	0.011240869804844613
02:01/40:02/03:03	0.0	0.0	0.1908505894388647	0.0	0.0341907374556973	0.0623353491908948	0.0	0.007649254038206177	0.04105381086935097
29:02/45:01/06:02	0.0680287277445617	0.0	0.0	0.0	0.2050444518176469	0.0314990146953754	0.0	0.007641774670039182	0.04351031346536915
32:01/57:01/06:02	0.0778089998982088	0.0	0.0	0.0	0.0	0.0	0.0	0.007568596006764652	0.011115571414029829
68:01/51:01/14:02	0.0593791798243543	0.0	0.0	0.4922477961367241	0.0	0.0	0.0	0.007464144389295685	0.07880385370872549
23:01/08:01/07:01	0.0753027528971445	0.0	0.0	0.0	0.0	0.0	0.0	0.007324809670106469	0.0107575361281635
26:01/15:01/04:01	0.0158996262925232	0.0	0.1577526818284921	0.0	0.0	0.0249591327294458	0.0	0.007296549763504524	0.0283730629786373
01:01/51:01/14:02	0.0603112456109072	0.0	0.0	0.3946581457143306	0.0341907374556973	0.0	0.0	0.0072889619568154125	0.06988001839727644
01:01/18:01/12:03	0.0662489915628408	0.0	0.0223865378639044	0.0	0.0	0.0	0.0	0.007191338250706718	0.012662218489535028
02:11/40:06/15:02	0.0	0.0	0.0	1.961891937436252	0.0	0.021025838242393	0.0	0.0071368754158103904	0.28327396795409215
68:01/27:05/02:02	0.0708046403313061	0.0	0.0	0.0	0.102572212367092	0.0	0.0	0.007093832984784831	0.02476812181405687
01:01/15:01/03:04	0.0727860063341229	0.0	0.0	0.0	0.0	0.0	0.0	0.007080002025594354	0.010398000904874699
01:01/50:01/06:02	0.0600496998295499	0.0	0.0247296854274343	0.0	0.0341907374556973	0.0161615482753679	0.0	0.007049185393911762	0.0193045244268642
68:01/44:02/05:01	0.0723963077319025	0.0	0.0	0.0	0.0	0.0	0.0	0.007042095468660509	0.010342329675986072
03:01/18:01/05:01	0.0713263034749649	0.0	0.0	0.0	0.0	0.0	0.0	0.006938014578829336	0.010189471924994985
02:01/51:01/07:01	0.0657961230420001	0.0	0.0	0.0	0.1366629769062522	0.0	0.0	0.006675299588055934	0.028922728564036042
26:01/44:02/03:03	0.0682055032325358	0.0	0.0	0.0	0.0	0.0	0.0	0.006634449743351959	0.009743643318933685
31:01/40:06/08:01	0.0	0.0	0.1829152550276621	0.0	0.0	0.0263166841588554	0.0	0.006616186246727819	0.029890277026645356
32:01/53:01/06:02	0.0	0.0	0.0	0.0	0.0	0.0	0.6086908751304729	0.006615943498564097	0.08695583930435327
32:01/40:01/03:04	0.0652560233003223	0.0	0.0	0.0701925559390575	0.0	0.0	0.0	0.006588286308543044	0.019349797034197116
32:01/44:03/04:01	0.0558619921621629	0.0	0.0	0.0	0.0	0.0565606172415025	0.0	0.006531984147140859	0.0160603727719522
11:01/40:02/02:02	0.0663085288296421	0.0	0.0	0.0	0.0341907374556973	0.0	0.0	0.006518782032297764	0.01435703804076277
01:01/40:02/02:02	0.0667543561392094	0.0	0.0	0.0	0.0	0.0	0.0	0.006493294528529166	0.009536336591315628
31:01/52:01/12:02	0.0	0.0	0.1798190942479809	0.1017892050512258	0.0642825853333724	0.0	0.0	0.0064804243821209	0.04941298351893987
31:01/08:01/07:01	0.0653295620957221	0.0	0.0	0.0	0.0384895728667937	0.0	0.0	0.006432213550951509	0.014831304994645113
26:01/40:06/03:04	0.0	0.0	0.1587193868700547	0.0	0.0	0.0554536979968557	0.0	0.006374331599912383	0.0305961549809872
24:02/40:01/15:02	0.0	0.0	0.130227088509387	0.0	0.0	0.1012332615660762	0.0	0.006312212977832115	0.03306576429649474
02:06/40:01/07:02	0.0	0.0	0.0467608673501425	0.0	0.0	0.2436160144706784	0.0	0.006290905633910118	0.0414824116886887
24:02/15:01/03:04	0.0486171371225507	0.0	0.038021436533191	0.0	0.1366629769062522	0.0	0.0	0.006273325674280869	0.03190022150885627
03:01/51:01/12:03	0.0644305598359826	0.0	0.0	0.0	0.0	0.0	0.0	0.006267255439938571	0.009204365690854657
26:01/35:03/04:01	0.0588064795315367	0.0	0.0	0.1274144874387781	0.0341907374556973	0.0	0.0	0.006226035420110329	0.03148738634657316
01:01/58:01/07:01	0.055911008122691	0.0	0.0	0.0	0.307616664184739	0.0	0.0	0.0060580288160070155	0.05193252461534714
32:01/50:01/04:01	0.0	0.0	0.0	0.0	0.0	0.0	0.5372740757018074	0.005839704640429322	0.07675343938597248
03:02/08:01/07:02	0.058043087105618	0.0	0.0	0.0	0.0683814749113947	0.0	0.0	0.005783644126292147	0.0180606517167161
26:01/18:01/07:01	0.0579657497748756	0.0	0.0	0.0	0.0	0.0	0.0	0.005638413844788949	0.008280821396410799
68:01/27:05/01:02	0.0579035047253383	0.0	0.0	0.0	0.0	0.0	0.0	0.00563235917715429	0.0082719292464769
01:01/57:01/07:01	0.0508983462917923	0.0	0.0	0.0	0.3186136850038229	0.0	0.0	0.0055925857712470425	0.05278743304223075
25:01/38:01/12:03	0.0571868321620479	0.0	0.0	0.0	0.0	0.0	0.0	0.005562647381503741	0.008169547451721128
11:01/44:03/04:01	0.05258040062604	0.0	0.0	0.0	0.0	0.0224046306484657	0.0	0.005549591197664177	0.010712147324929385
33:03/14:02/08:02	0.0	0.0	0.0	0.0	0.102572212367092	0.0	0.4907615960739072	0.00554071555279321	0.08476197263442845
02:06/52:01/12:02	0.0	0.0	0.1552740957840677	0.0	0.0	0.0165337862918238	0.0	0.005503651045753822	0.024543983153698788
24:02/51:01/02:02	0.0541175646750724	0.0	0.0	0.0	0.1024722394505548	0.0	0.0	0.005470455234364541	0.022369972017946743
30:01/38:01/12:03	0.055789677103475	0.0	0.0	0.0	0.0	0.0	0.0	0.005426744051413654	0.007969953871925001
32:01/18:01/12:03	0.0505570807835968	0.0	0.0	0.0	0.2392351892733442	0.0	0.0	0.005399536853736924	0.04139889572242014
68:01/08:01/07:01	0.0544675109329374	0.0	0.0	0.0	0.0	0.0	0.0	0.005298135000896343	0.007781072990419628
24:02/18:01/05:01	0.0529943993147559	0.0	0.0	0.0	0.0683814749113947	0.0	0.0	0.005292550829844315	0.0173394106037358
11:01/40:06/15:02	0.0139799399021466	0.0	0.0	1.1458784772957258	0.0	0.0	0.0	0.005289826518394627	0.16569405959969605
68:01/15:01/03:03	0.0520986155533049	0.0	0.0	0.0601936163465992	0.0	0.0	0.0	0.005274152885966228	0.016041747414272015
32:01/18:01/07:01	0.0520096957172778	0.0	0.0	0.0	0.0	0.0	0.0	0.005059059695328318	0.007429956531039686
29:02/07:02/07:02	0.0448191191233987	0.0	0.0	0.0	0.3077166371012761	0.0	0.0	0.004979305765248515	0.05036225088923926
24:02/51:01/05:01	0.0508657609418675	0.0	0.0	0.0	0.0	0.0	0.0	0.0049477874750903485	0.007266537277409642
32:01/18:01/05:01	0.0	0.0	0.0	0.0	0.0	0.0	0.4548700763610394	0.004944044419504579	0.06498143948014848
02:01/15:01/07:02	0.0	0.0	0.0950838330759717	0.0	0.0	0.0896093089570053	0.0	0.0049135316358636634	0.02638473457613957
31:01/51:01/03:04	0.0	0.0	0.1455396765776407	0.0	0.0	0.0	0.0	0.004857715521238273	0.020791382368234385
02:06/15:01/04:01	0.0	0.0	0.120520705274652	0.0	0.0	0.0428556655243843	0.0	0.0048547553422417485	0.023339481542719472
01:01/35:03/12:03	0.0455823477171441	0.0	0.0	0.1003893535082817	0.0	0.0	0.0	0.00477816375537962	0.02085310017506083
02:01/51:01/04:01	0.048399487243908	0.0	0.0	0.0	0.0341907374556973	0.0	0.0	0.004776743183217408	0.011798603528515042
33:03/51:01/14:02	0.0	0.0	0.0980678499688848	0.0	0.0	0.0734605676368693	0.0	0.004699578853805725	0.02450405965796487
01:01/44:03/16:01	0.0475722780095076	0.0	0.0	0.0	0.0348905478714572	0.0	0.0	0.0046976886107349064	0.011780403697280686
31:01/38:01/12:03	0.0482194960870945	0.0	0.0	0.0	0.0	0.0	0.0	0.004690381395602394	0.0068884994410135
11:01/51:01/03:03	0.0471546626482864	0.0	0.0	0.0	0.051286106183546	0.0	0.0	0.004690084152952938	0.014062966975976057
26:01/58:01/03:02	0.0365205747978699	0.0	0.0	0.0602936057425237	0.0	0.045323105824474	0.0	0.004639210273282426	0.020305326623552514
26:01/18:01/12:03	0.0470398011643114	0.0	0.0	0.0	0.0	0.0	0.0	0.004575630733166721	0.006719971594901628
31:01/57:01/06:02	0.0423306246232369	0.0	0.0	0.1100883249129663	0.0	0.0	0.0	0.004495128066054467	0.02177413564802903
01:01/58:01/03:02	0.0317918762113866	0.0	0.0	0.3663611466676735	0.0	0.0	0.0	0.004348937938495733	0.05687900326843716
11:01/18:01/12:03	0.041460624216207	0.0	0.0	0.04079567353723	0.0683814749113947	0.0	0.0	0.004310558958406516	0.02151968180926167
32:01/14:02/08:02	0.0372385939171816	0.0	0.0	0.0	0.3417074287238992	0.0	0.0	0.004310388043883082	0.054135146091582965
02:01/45:01/16:01	0.0390578999437946	0.0	0.0	0.0	0.2392351892733442	0.0	0.0	0.004280994598997122	0.0397561556024484
32:01/27:05/01:02	0.0431540764483365	0.0	0.0	0.0	0.0341907374556973	0.0	0.0	0.0042665143503942205	0.011049259129147684
31:01/15:01/04:01	0.0136134540998901	0.0	0.0878594579233823	0.0	0.0	0.0	0.0	0.004256708636025345	0.014496130289038915
68:01/57:01/06:02	0.0370766772808665	0.0	0.0	0.1823806581664401	0.0	0.0	0.0	0.004232007221406021	0.031351047921043804
26:01/51:01/01:02	0.043170024538847	0.0	0.0	0.0	0.0	0.0	0.0	0.004199211861919473	0.006167146362692429
11:01/15:01/03:04	0.043101137357677	0.0	0.0	0.0	0.0	0.0	0.0	0.004192511104359259	0.006157305336810999
68:01/15:01/03:04	0.0344487675642746	0.0	0.0239943596110711	0.0	0.0	0.0	0.0	0.00415174831459624	0.008349018167906529
24:02/51:01/03:04	0.0	0.0	0.1218177812591088	0.0	0.0	0.0	0.0	0.004065943670484241	0.017402540179872687
23:01/07:02/07:02	0.0390392991457738	0.0	0.0	0.0	0.1024722394505548	0.0	0.0	0.004003770141081218	0.0202159340851898
29:02/58:01/07:01	0.0389623522789996	0.0	0.0	0.0	0.102572212367092	0.0	0.0	0.003996486732883132	0.02021922352087023
11:01/44:03/16:01	0.041014908181797	0.0	0.0	0.0	0.0	0.0	0.0	0.00398958052010271	0.005859272597399571
24:02/44:03/16:01	0.0390274197039591	0.0	0.0	0.0	0.0782787936485702	0.0	0.0	0.003953893512563823	0.016758030478932755
02:01/50:01/04:01	0.0390032590385653	0.0	0.0	0.0	0.0683814749113947	0.0	0.0	0.0039316120109031665	0.015340676278565713
33:03/52:01/12:02	0.0	0.0	0.1038830052502494	0.1022431569087235	0.0	0.0	0.0	0.0038179895879884417	0.029446594594138988
02:06/15:01/07:02	0.0	0.0	0.1142315771542119	0.0	0.0	0.0	0.0	0.003812736969093915	0.016318796736315984
68:01/40:02/02:02	0.0388247108512492	0.0	0.0	0.0	0.0	0.0	0.0	0.003776536800331262	0.005546387264464172
02:01/58:01/07:01	0.0369157353897473	0.0	0.0	0.0	0.0683814749113947	0.0	0.0	0.0037285555113576122	0.015042458614448858
68:01/18:01/12:03	0.0379162809168077	0.0	0.0	0.0	0.0	0.0	0.0	0.0036881724827942915	0.005416611559543957
33:03/40:01/07:02	0.0	0.0	0.0	0.0	0.0	0.1892711918444483	0.0	0.0036749729825856256	0.027038741692064043
01:01/08:01/07:02	0.0309259445520831	0.0	0.0	0.1943793856773901	0.0	0.0	0.0	0.0036748679843719495	0.0321864757470676
24:02/40:02/15:02	0.0	0.0	0.0674707098040693	0.1041889505534159	0.0	0.0533583397901366	0.0	0.003645349449871008	0.0321454285925174
33:03/35:01/04:01	0.0310676617516671	0.0	0.0	0.1770812201824372	0.0	0.0	0.0	0.0036293261444924774	0.029735554562014897
31:01/40:02/01:02	0.0371924286265661	0.0	0.0	0.0	0.0	0.0	0.0	0.0036177623045298597	0.005313204089509443
26:01/44:03/04:01	0.0366585073476324	0.0	0.0	0.0	0.0	0.0	0.0	0.0035658269954402834	0.005236929621090343
31:01/15:01/03:04	0.0273914972507181	0.0	0.0268460920699051	0.0	0.0	0.0	0.0	0.0035604602518818466	0.007748227045803314
11:01/50:01/06:02	0.0288529190001708	0.0	0.0	0.1029890778023209	0.0	0.0205528455631939	0.0	0.0035588468848345074	0.021770691766526514
02:01/57:01/07:01	0.0351389333466858	0.0	0.0	0.0	0.0572844811757736	0.0	0.0	0.0035333760796350394	0.013203344931779914
26:01/40:06/08:01	0.0	0.0	0.0916946139333688	0.0	0.0	0.021502544725987	0.0	0.003478017801257214	0.016171022665622255
31:01/40:01/07:02	0.0	0.0	0.0352553993201832	0.0	0.0	0.1182939615749544	0.0	0.0034735763630575544	0.021935622985019658
01:01/27:05/01:02	0.0354481624180711	0.0	0.0	0.0	0.0	0.0	0.0	0.003448094961708072	0.005064023202581585
26:01/40:02/03:03	0.0	0.0	0.1026700371808686	0.0	0.0	0.0	0.0	0.003426844451681555	0.014667148168695516
02:06/35:01/08:01	0.0	0.0	0.1018469340354873	0.0	0.0	0.0	0.0	0.0033993715245807053	0.014549562005069613
23:01/45:01/06:02	0.0175363946581823	0.0	0.0	0.0	0.102572212367092	0.076153026211258	0.0	0.0033909730436101275	0.02803737617664747
26:01/35:01/08:01	0.0	0.0	0.100159993127031	0.0	0.0	0.0	0.0	0.0033430660604824095	0.014308570446718714
02:01/51:01/05:01	0.0341507624150229	0.0	0.0	0.0	0.0	0.0	0.0	0.0033218949527747477	0.004878680345003271
32:01/50:01/06:02	0.0312651771011398	0.0	0.0	0.0	0.1366629769062522	0.0	0.0	0.0033164236238396446	0.023989736286770286
02:11/52:01/12:02	0.0176888382990953	0.0	0.0	0.4617510303797261	0.0	0.0	0.0	0.003304269839785246	0.0684914098112602
03:02/35:01/04:01	0.0338021092153714	0.0	0.0	0.0	0.0	0.0	0.0	0.003287980942594945	0.004828872745053057
02:01/40:02/15:02	0.0	0.0	0.0633144594594691	0.0	0.0	0.0592942962097091	0.0	0.0032645473504429564	0.017515536524168318
02:01/40:06/15:02	0.0	0.0	0.0441386794095369	0.492047817344875	0.0341907374556973	0.0	0.0	0.0032296401920218856	0.0814824620300156
31:01/27:05/01:02	0.0297956211596159	0.0	0.0	0.0	0.1366629769062522	0.0	0.0	0.003173477753242597	0.023779799723695445
24:02/45:01/16:01	0.0267503982881817	0.0	0.0	0.0	0.2392351892733442	0.0	0.0	0.0030838257881168588	0.03799794108021798
02:01/40:01/04:01	0.0	0.0	0.0474998625804478	0.0	0.0	0.0761299566820494	0.0	0.0030635880629241346	0.017661402751785314
02:11/35:03/04:01	0.0	0.0	0.0	0.8892056979573201	0.0	0.0	0.0	0.0030496760060307925	0.1270293854224743
02:06/35:01/03:04	0.0	0.0	0.0911926051226013	0.0	0.0	0.0	0.0	0.003043759225958522	0.01302751501751447
30:01/18:01/07:01	0.0312846677608852	0.0	0.0	0.0	0.0	0.0	0.0	0.0030431057049667247	0.004469238251555028
02:01/51:01/12:03	0.0312639293141111	0.0	0.0	0.0	0.0	0.0	0.0	0.003041088445708204	0.004466275616301586
11:01/14:02/08:02	0.0269658405953115	0.0	0.0	0.0	0.2034448851530529	0.0	0.0	0.003032707166279847	0.03291581796405205
02:01/15:01/08:01	0.0	0.0	0.0551701746004207	0.0	0.0	0.0573539893364757	0.0	0.002955039588549143	0.01607488056241377
29:02/14:02/08:02	0.0274529231747569	0.0	0.0	0.0	0.1366629769062522	0.0	0.0	0.002945600070243775	0.023445128583001303
32:01/51:01/14:02	0.0302178183396326	0.0	0.0	0.0	0.0	0.0	0.0	0.0029393316906486527	0.004316831191376086
26:01/40:02/02:02	0.0301076339349287	0.0	0.0	0.0	0.0	0.0	0.0	0.002928613891338282	0.004301090562132672
02:01/44:03/07:01	0.0243771550286009	0.0	0.0	0.1604829804589563	0.0	0.0	0.0	0.002921604331692239	0.02640859078393674
29:02/08:01/07:01	0.0292396919520789	0.0	0.0	0.0	0.0341907374556973	0.0	0.0	0.002913041679202779	0.0090614899153966
11:01/40:02/07:02	0.0	0.0	0.0	0.0	0.0	0.1487280641223403	0.0	0.0028877697238312984	0.02124686630319147
02:06/51:01/15:02	0.0	0.0	0.072235278890331	0.0447952493742133	0.0	0.0151259213177593	0.0	0.0028583398116758425	0.018879492797471944
31:01/51:01/01:02	0.0291519196132591	0.0	0.0	0.0	0.0	0.0	0.0	0.002835650151821527	0.004164559944751301
25:01/40:01/03:04	0.0291261900183699	0.0	0.0	0.0	0.0	0.0	0.0	0.0028331473962355555	0.004160884288338557
03:01/15:01/04:01	0.0290380300025892	0.0	0.0	0.0	0.0	0.0	0.0	0.002824571941670312	0.004148290000369885
11:01/08:01/07:02	0.0207929122534959	0.0	0.0	0.1475843483846851	0.0	0.0148485624986967	0.0	0.002817028037445305	0.026175117590982525
32:01/51:01/01:02	0.0288135047749763	0.0	0.0	0.0	0.0	0.0	0.0	0.0028027320421297446	0.004116214967853757
32:01/51:01/12:03	0.0280986204234822	0.0	0.0	0.0	0.0341907374556973	0.0	0.0	0.0028020479711989748	0.008898479697025643
24:02/40:06/03:04	0.0	0.0	0.0513630545621263	0.0985895443816392	0.0	0.0378951214018502	0.0	0.002788275315603735	0.026835388620802245
26:01/15:01/03:04	0.0197020464687508	0.0	0.0256599230911122	0.0	0.0	0.0	0.0	0.0027729049807676525	0.006480281365694714
29:02/35:01/04:01	0.0282603968040082	0.0	0.0	0.0	0.0	0.0	0.0	0.002748930415250394	0.004037199543429743
33:03/07:02/07:02	0.0	0.0	0.0571408766488333	0.2238762574751422	0.0341907374556973	0.0	0.0	0.002743879786497413	0.045029695939953256
02:06/27:05/03:03	0.0281422873105911	0.0	0.0	0.0	0.0	0.0	0.0	0.0027374417308898813	0.004020326758655871
31:01/40:02/03:03	0.0	0.0	0.0819601947269418	0.0	0.0	0.0	0.0	0.002735606670366497	0.011708599246705972
02:01/51:01/03:03	0.0194277427016503	0.0	0.0229829000882266	0.0	0.0	0.0	0.0	0.002656871358507478	0.0060586632556967005
02:01/07:02/12:03	0.0269664842949692	0.0	0.0	0.0	0.0	0.0	0.0	0.0026230696399952573	0.0038523548992813145
32:01/15:01/03:04	0.0269001535917473	0.0	0.0	0.0	0.0	0.0	0.0	0.002616617554809894	0.0038428790845353284
01:01/18:01/06:02	0.0266548827305597	0.0	0.0	0.0	0.0	0.0	0.0	0.002592759696940127	0.0038078403900799573
11:01/40:01/04:01	0.0	0.0	0.0	0.0	0.0	0.1332414785335007	0.0	0.0025870753441062586	0.019034496933357244
11:01/18:01/05:01	0.0242356245726538	0.0	0.0	0.0	0.1024722394505548	0.0	0.0	0.0025637949144861425	0.018101123431886943
01:01/50:01/02:02	0.0	0.0	0.0	0.0	0.0	0.1316321325836016	0.0	0.0025558275729696267	0.018804590369085942
02:01/07:02/03:04	0.0259882568536428	0.0	0.0	0.0	0.0	0.0	0.0	0.00252791601617518	0.0037126081219489714
33:03/35:01/03:03	0.0	0.0	0.0587403082191774	0.0	0.0	0.028910330021654	0.0	0.002521926223124891	0.012521519748690202
24:02/40:02/01:02	0.0	0.0	0.0672388770557985	0.0	0.1378626519046978	0.0	0.0	0.0025218791597053933	0.02930021842292804
03:02/50:01/06:02	0.0258668967335433	0.0	0.0	0.0	0.0	0.0	0.0	0.0025161111385701832	0.003695270961934757
02:06/40:02/03:03	0.0	0.0	0.0750849498806582	0.0	0.0	0.0	0.0	0.0025061298404912527	0.010726421411522599
24:02/35:01/03:04	0.0	0.0	0.0735228515049716	0.0	0.0	0.0	0.0	0.00245399127797888	0.01050326450071023
25:01/51:01/15:02	0.0252050871872322	0.0	0.0	0.0	0.0	0.0	0.0	0.002451735949376109	0.0036007267410331713
25:01/40:02/02:02	0.0251978098442889	0.0	0.0	0.0	0.0	0.0	0.0	0.0024510280715109188	0.0035996871206127002
01:01/44:03/07:01	0.0	0.0	0.0	0.7043253048927655	0.0	0.0	0.0	0.0024155985366558982	0.10061790069896649
68:01/18:01/05:01	0.0245671171638484	0.0	0.0	0.0	0.0	0.0	0.0	0.0023896796656848267	0.003509588166264057
23:01/38:01/12:03	0.0245324380216304	0.0	0.0	0.0	0.0	0.0	0.0	0.002386306374450489	0.003504634003090057
01:01/51:01/01:02	0.0242939294870709	0.0	0.0	0.0	0.0	0.0	0.0	0.002363106298050486	0.0034705613552958427
30:02/08:01/07:01	0.0227222385767682	0.0	0.0	0.0	0.0683814749113947	0.0	0.0	0.0023479331740794613	0.013014816212594699
25:01/27:05/01:02	0.024128254055025	0.0	0.0	0.0	0.0	0.0	0.0	0.0023469908047908114	0.003446893436432143
23:01/07:02/12:03	0.0239989736987175	0.0	0.0	0.0	0.0	0.0	0.0	0.0023344155141460004	0.0034284248141025
31:01/40:02/02:02	0.0238464281976388	0.0	0.0	0.0	0.0	0.0	0.0	0.0023195771886075074	0.003406632599662686
01:01/18:01/05:01	0.0237893525515065	0.0	0.0	0.0	0.0	0.0	0.0	0.0023140253564548573	0.0033984789359295
33:03/08:01/07:01	0.0228869224142492	0.0	0.0	0.0	0.0341907374556973	0.0	0.0	0.002295098430750606	0.008153951409992357
31:01/51:01/05:01	0.0231433384044882	0.0	0.0	0.0	0.0	0.0	0.0	0.00225118660901134	0.003306191200641171
26:01/51:01/03:04	0.0	0.0	0.066647606658688	0.0	0.0	0.0	0.0	0.0022245144481036357	0.009521086665526857
02:01/40:02/07:02	0.0	0.0	0.0398295505604749	0.0	0.0	0.0454244912669713	0.0	0.0022113832036144664	0.012179148832492314
03:01/51:01/02:02	0.022552018922231	0.0	0.0	0.0	0.0	0.0	0.0	0.0021936680921561067	0.003221716988890143
32:01/44:03/16:01	0.0202426042204191	0.0	0.0	0.0	0.1013725373686465	0.0	0.0	0.0021731733490883034	0.0173735916555808
01:01/38:01/06:02	0.0208831150890452	0.0	0.0	0.0	0.0683814749113947	0.0	0.0	0.00216903892401408	0.012752084285777128
26:01/15:01/07:02	0.0	0.0	0.0648485218634637	0.0	0.0	0.0	0.0	0.002164465928419571	0.009264074551923384
03:01/35:01/03:03	0.0142112799002258	0.0	0.0227068694551707	0.0	0.0	0.0	0.0	0.0021402451936958665	0.005274021336485215
25:01/18:01/07:01	0.0219879229839587	0.0	0.0	0.0	0.0	0.0	0.0	0.002138797649515471	0.003141131854851243
31:01/35:01/08:01	0.0	0.0	0.0636355537940829	0.0	0.0	0.0	0.0	0.002123980378664661	0.009090793399154699
02:06/40:01/15:02	0.0	0.0	0.0635794818506989	0.0	0.0	0.0	0.0	0.002122108850871777	0.009082783121528413
68:01/35:01/03:03	0.0136072454044829	0.0	0.0236536194815878	0.0	0.0	0.0	0.0	0.0021130897898627484	0.005322980698010101
23:01/18:01/07:01	0.021709689112135	0.0	0.0	0.0	0.0	0.0	0.0	0.002111733431057627	0.0031013841588764285
02:01/44:02/03:03	0.0217081527000828	0.0	0.0	0.0	0.0	0.0	0.0	0.002111583981994687	0.0031011646714404
03:01/15:01/01:02	0.0214627645087169	0.0	0.0	0.0	0.0	0.0	0.0	0.0020877147112456887	0.003066109215530986
30:01/35:01/04:01	0.0197086659647912	0.0	0.0	0.0	0.0683814749113947	0.0	0.0	0.002054798528126641	0.012584305839455127
32:01/51:01/02:02	0.0210699407800265	0.0	0.0	0.0	0.0	0.0	0.0	0.0020495041686578383	0.0030099915400037857
02:06/40:01/03:03	0.0	0.0	0.0513630545621263	0.0	0.0	0.0156438127581062	0.0	0.0020181051615620637	0.009572409617176071
25:01/58:01/03:02	0.020601695257597	0.0	0.0	0.0	0.0	0.0	0.0	0.002003957237121877	0.002943099322513857
31:01/44:03/16:01	0.0183549698288224	0.0	0.0	0.0	0.102572212367092	0.0	0.0	0.0019919762941636447	0.017275311742273487
30:02/35:01/04:01	0.0182736542927229	0.0	0.0	0.0	0.102572212367092	0.0	0.0	0.001984066612216624	0.017263695237116412
30:01/50:01/06:02	0.0203054986285122	0.0	0.0	0.0	0.0	0.0	0.0	0.0019751457548121036	0.0029007855183588857
68:01/52:01/12:02	0.0	0.0	0.0	0.2749708387926043	0.0341907374556973	0.0495609464467319	0.0	0.001974208339567609	0.05124607467071907
02:01/40:06/03:04	0.0	0.0	0.0390625193584776	0.0578938602403337	0.0	0.0230925987377891	0.0	0.0019507323628156054	0.01714985404808577
31:01/44:03/04:01	0.01981017103455	0.0	0.0	0.0	0.0	0.0	0.0	0.0019269645102953118	0.002830024433507143
24:02/40:06/01:02	0.0	0.0	0.0436647065704614	0.1330858859756205	0.0	0.0	0.0	0.0019138479903262878	0.025250084649440268
26:01/35:03/12:03	0.0196325396382399	0.0	0.0	0.0	0.0	0.0	0.0	0.0019096860427845169	0.002804648519748557
74:01/51:01/14:02	0.0	0.0	0.0	0.0	0.0	0.0983454030161788	0.0	0.0019095177428954996	0.014049343288025543
03:01/51:01/07:02	0.018153842687644	0.0	0.0	0.0400957477657579	0.0	0.0	0.0	0.0019033659209504148	0.0083213700647717
29:02/44:02/05:01	0.0187433866906255	0.0	0.0	0.0	0.0341907374556973	0.0	0.0	0.0018920506088696957	0.007562017735188971
02:06/35:01/04:01	0.0	0.0	0.0562514560615893	0.0	0.0	0.0	0.0	0.0018775194340689854	0.008035922294512757
11:01/40:02/03:03	0.0	0.0	0.0	0.0	0.0	0.0951563861144748	0.0	0.0018475983834802389	0.013593769444924972
32:01/08:01/07:02	0.0189577867772732	0.0	0.0	0.0	0.0	0.0	0.0	0.0018440518383127133	0.0027082552538961716
26:01/51:01/07:02	0.0189454404763661	0.0	0.0	0.0	0.0	0.0	0.0	0.0018428508954415025	0.002706491496623729
02:01/18:01/02:02	0.0167009757773783	0.0	0.0	0.0	0.1024722394505549	0.0	0.0	0.0018308885301488596	0.017024745032561888
24:02/40:06/12:02	0.0	0.0	0.0	0.5272680821653503	0.0	0.0	0.0	0.0018083519062230768	0.07532401173790718
02:01/53:01/04:01	0.016278840371308	0.0	0.0	0.0	0.102572212367092	0.0	0.0	0.0017900281243860296	0.01697872181977143
26:01/45:01/06:02	0.0183784245466796	0.0	0.0	0.0	0.0	0.0	0.0	0.0017876964209358355	0.0026254892209542284
30:02/14:02/08:02	0.0169346472414704	0.0	0.0	0.0	0.0683814749113947	0.0	0.0	0.001784965641706268	0.012188017450409299
30:01/51:01/15:02	0.0182460303816982	0.0	0.0	0.0	0.0	0.0	0.0	0.0017748182455357142	0.002606575768814029
26:01/40:01/15:02	0.0	0.0	0.0390905553301697	0.0	0.0	0.023732329894457	0.0	0.0017655329906609318	0.008974697889232386
30:01/07:02/07:02	0.0138871594385175	0.0	0.0	0.0601936163465992	0.102572212367092	0.0	0.0	0.0017638296251447274	0.025236141164601246
24:02/40:01/03:03	0.0	0.0	0.0382674521847883	0.0	0.0	0.0236311712491747	0.0	0.0017360959226639145	0.008842660490566144
25:01/15:01/12:03	0.0177386252844882	0.0	0.0	0.0	0.0	0.0	0.0	0.0017254622044918805	0.002534089326355457
25:01/35:03/04:01	0.0176614408147304	0.0	0.0	0.0	0.0	0.0	0.0	0.0017179543574515979	0.0025230629735329144
68:01/51:01/01:02	0.017612309886614	0.0	0.0	0.0	0.0	0.0	0.0	0.00171317531972027	0.002516044269516286
33:03/40:01/03:04	0.0	0.0	0.0	0.0	0.0	0.0879440220565553	0.0	0.0017075599402542408	0.012563431722365043
03:01/35:01/15:02	0.0174383485898807	0.0	0.0	0.0	0.0	0.0	0.0	0.001696253848200141	0.0024911926556972427
25:01/51:01/14:02	0.0174264960278319	0.0	0.0	0.0	0.0	0.0	0.0	0.0016951009320347894	0.002489499432547414
33:03/15:01/03:03	0.0	0.0	0.0441386794095369	0.0618940360136926	0.0	0.0	0.0	0.0016855038409973602	0.015147530774747071
02:01/40:01/03:03	0.0	0.0	0.0398575865321669	0.0	0.0	0.0179065402220483	0.0	0.0016780182868805604	0.008252018107745028
26:01/50:01/06:02	0.0170830773089134	0.0	0.0	0.0	0.0	0.0	0.0	0.0016616960875045282	0.0024404396155590573
30:01/35:03/04:01	0.0170441723845469	0.0	0.0	0.0	0.0	0.0	0.0	0.0016579117482174409	0.002434881769220986
25:01/52:01/12:02	0.0170334473579425	0.0	0.0	0.0	0.0	0.0	0.0	0.001656868509085249	0.002433349622563214
68:01/44:03/04:01	0.0170318869167942	0.0	0.0	0.0	0.0	0.0	0.0	0.0016567167226767452	0.0024331267023991712
23:01/44:02/05:01	0.0163206692412437	0.0	0.0	0.0	0.0341907374556973	0.0	0.0	0.0016563893147147988	0.007215915242420143
24:02/35:01/01:02	0.0	0.0	0.0475559345238318	0.0	0.0341907374556973	0.0	0.0	0.001656140539818749	0.011678095997075585
03:02/35:03/04:01	0.0170022682441929	0.0	0.0	0.0	0.0	0.0	0.0	0.0016538356707744056	0.0024288954634561284
25:01/15:01/04:01	0.0169977085870572	0.0	0.0	0.0	0.0	0.0	0.0	0.0016533921462099648	0.0024282440838653144
03:01/45:01/06:02	0.0162791855640914	0.0	0.0	0.0	0.0341907374556973	0.0	0.0	0.0016523541363465952	0.007209989002826957
24:02/15:01/07:02	0.0	0.0	0.0382954881564804	0.0	0.0	0.0190655661268307	0.0	0.0016483838827912683	0.0081944363261873
02:01/15:01/02:02	0.0168208142622232	0.0	0.0	0.0	0.0	0.0	0.0	0.0016361853747271099	0.002402973466031886
26:01/40:01/04:01	0.0	0.0	0.0487408666215206	0.0	0.0	0.0	0.0	0.0016268365429523018	0.006962980945931514
26:01/51:01/02:02	0.016548482621107	0.0	0.0	0.0	0.0	0.0	0.0	0.0016096952749421979	0.0023640689458724285
03:01/35:01/05:01	0.0165121963518316	0.0	0.0	0.0	0.0	0.0	0.0	0.001606165656092226	0.0023588851931188
11:01/40:02/15:02	0.0	0.0	0.0	0.0	0.0	0.082556907809758	0.0	0.0016029613528086	0.01179384397282257
23:01/51:01/15:02	0.0154144804709489	0.0	0.0	0.0	0.0341907374556973	0.0	0.0	0.001568242998514864	0.0070864597038066
01:01/15:01/04:01	0.0161191179727271	0.0	0.0	0.0	0.0	0.0	0.0	0.001567930343283581	0.0023027311389610143
33:03/40:02/03:04	0.0	0.0	0.0467608673501425	0.0	0.0	0.0	0.0	0.001560749593889427	0.006680123907163215
02:01/15:01/12:03	0.0160106524583179	0.0	0.0	0.0	0.0	0.0	0.0	0.001557379742963527	0.002287236065473986
68:01/40:06/15:02	0.0	0.0	0.0	0.4474537466352619	0.0	0.0	0.0	0.0015346156216237347	0.06392196380503741
68:01/51:01/07:02	0.0155680926743174	0.0	0.0	0.0	0.0	0.0	0.0	0.0015143313010310669	0.0022240132391882
31:01/18:01/05:01	0.0155073146941099	0.0	0.0	0.0	0.0	0.0	0.0	0.0015084193373906206	0.0022153306705871285
30:01/44:02/05:01	0.0147936314437353	0.0	0.0	0.0	0.0341907374556973	0.0	0.0	0.0015078520993345656	0.0069977669856332286
25:01/51:01/03:03	0.0153991094890128	0.0	0.0	0.0	0.0	0.0	0.0	0.0014978940577407031	0.0021998727841446857
03:01/18:01/06:02	0.0153823888598824	0.0	0.0	0.0	0.0	0.0	0.0	0.0014962676175212877	0.002197484122840343
02:01/27:05/03:04	0.0153393458662879	0.0	0.0	0.0	0.0	0.0	0.0	0.001492080762146399	0.0021913351237554143
11:01/51:01/01:02	0.0153035307002784	0.0	0.0	0.0	0.0	0.0	0.0	0.001488596968204879	0.002186218671468343
02:01/40:02/01:02	0.0	0.0	0.0444317583871437	0.0	0.0	0.0	0.0	0.0014830103201307777	0.006347394055306243
03:01/44:02/03:03	0.0152178172454242	0.0	0.0	0.0	0.0	0.0	0.0	0.0014802594942239231	0.002173973892203457
31:01/18:01/12:03	0.0136171154069541	0.0	0.0	0.0400957477657579	0.0	0.0	0.0	0.0014620717772738517	0.007673266167530286
23:01/35:01/04:01	0.0149257469079858	0.0	0.0	0.0	0.0	0.0	0.0	0.0014518493823792447	0.0021322495582836855
29:02/27:05/01:02	0.0147344803967286	0.0	0.0	0.0	0.0	0.0	0.0	0.001433244607157576	0.0021049257709612286
03:02/08:01/07:01	0.0147092303934525	0.0	0.0	0.0	0.0	0.0	0.0	0.0014307885021540888	0.0021013186276360716
23:01/57:01/06:02	0.0139356307301045	0.0	0.0	0.0	0.0341907374556973	0.0	0.0	0.0014243931063712494	0.006875195455114542
02:01/40:01/02:02	0.0146322891855763	0.0	0.0	0.0	0.0	0.0	0.0	0.001423304317555273	0.0020903270265109
31:01/35:03/12:03	0.0145550805947654	0.0	0.0	0.0	0.0	0.0	0.0	0.001415794124224633	0.0020792972278236284
02:01/44:02/02:02	0.0144855643421893	0.0	0.0	0.0	0.0	0.0	0.0	0.0014090321759623364	0.0020693663345984713
31:01/40:01/15:02	0.0	0.0	0.0421306441664668	0.0	0.0	0.0	0.0	0.0014062054341451948	0.0060186634523524
26:01/14:02/08:02	0.0144356099382964	0.0	0.0	0.0	0.0	0.0	0.0	0.0014041730375295234	0.0020622299911852
29:02/40:01/03:04	0.0144272654474249	0.0	0.0	0.0	0.0	0.0	0.0	0.0014033613566138052	0.0020610379210607003
11:01/40:01/15:02	0.0	0.0	0.0	0.0	0.0	0.0712557868613479	0.0	0.001383533801507122	0.0101793981230497
24:02/18:01/02:02	0.014118208003345	0.0	0.0	0.0	0.0	0.0	0.0	0.0013732988838897743	0.0020168868576207143
33:03/44:03/07:02	0.0	0.0	0.0	0.0	0.0	0.0706773476520212	0.0	0.0013723025705647456	0.010096763950288743
29:02/50:01/06:02	0.014047427920764	0.0	0.0	0.0	0.0	0.0	0.0	0.0013664140010217019	0.002006775417252
02:06/58:01/03:02	0.0	0.0	0.0	0.0	0.0	0.0698304159772541	0.0	0.0013558581714328216	0.009975773711036301
33:03/40:06/08:01	0.0	0.0	0.0403035233995504	0.0	0.0	0.0	0.0	0.0013452211505646848	0.005757646199935772
24:02/51:01/12:03	0.0137643090051644	0.0	0.0	0.0	0.0	0.0	0.0	0.0013388746071617379	0.0019663298578806287
32:01/15:01/04:01	0.0137539107799246	0.0	0.0	0.0	0.0	0.0	0.0	0.0013378631564795501	0.0019648443971320858
31:01/51:01/12:03	0.0137000776823976	0.0	0.0	0.0	0.0	0.0	0.0	0.0013326267318049285	0.0019571539546282286
24:02/40:02/07:02	0.0	0.0	0.0	0.0	0.0341907374556973	0.0642380927754014	0.0	0.0013161289390859778	0.014061261461585529
24:02/40:01/01:02	0.0	0.0	0.0276131232719023	0.0	0.0	0.0199519676044128	0.0	0.0013090465825132832	0.0067950129823307285
02:06/40:02/15:02	0.0	0.0	0.0391185913018617	0.0	0.0	0.0	0.0	0.0013056713647062207	0.005588370185980243
11:01/51:01/02:02	0.0134146428627548	0.0	0.0	0.0	0.0	0.0	0.0	0.0013048620665481294	0.0019163775518221144
25:01/15:01/03:04	0.0133837127405212	0.0	0.0	0.0	0.0	0.0	0.0	0.0013018534480087286	0.0019119589629316002
02:01/27:05/03:03	0.0132365629987711	0.0	0.0	0.0	0.0	0.0	0.0	0.00128753997592628	0.0018909375712530142
24:02/40:06/03:03	0.0	0.0	0.0382954881564804	0.0	0.0	0.0	0.0	0.0012781984376053707	0.005470784022354343
31:01/40:02/15:02	0.0	0.0	0.0382674521847883	0.0	0.0	0.0	0.0	0.0012772626737089254	0.005466778883541186
31:01/14:02/08:02	0.0123877678976077	0.0	0.0	0.0	0.0349905207879943	0.0	0.0	0.001275440823969957	0.006768326955086
03:01/51:01/04:01	0.0129038226205477	0.0	0.0	0.0	0.0	0.0	0.0	0.00125517382932106	0.0018434032315068143
30:01/57:01/06:02	0.0127422794715065	0.0	0.0	0.0	0.0	0.0	0.0	0.001239460289314725	0.0018203256387866427
30:02/44:03/16:01	0.0125978700511563	0.0	0.0	0.0	0.0	0.0	0.0	0.0012254133723304229	0.0017996957215937572
23:01/18:01/12:03	0.0125385407488597	0.0	0.0	0.0	0.0	0.0	0.0	0.0012196423237237884	0.0017912201069799573
25:01/51:01/02:02	0.0124817989777146	0.0	0.0	0.0	0.0	0.0	0.0	0.0012141229680828294	0.0017831141396735144
23:01/27:05/02:02	0.0124727532291183	0.0	0.0	0.0	0.0	0.0	0.0	0.001213243074795501	0.001781821889874043
26:01/35:01/07:02	0.0	0.0	0.0360504664938725	0.0	0.0	0.0	0.0	0.0012032657674743586	0.005150066641981786
31:01/07:02/01:02	0.0123154684008895	0.0	0.0	0.0	0.0	0.0	0.0	0.0011979437479256725	0.0017593526286985
30:01/27:05/02:02	0.0122390902533733	0.0	0.0	0.0	0.0	0.0	0.0	0.0011905143330372735	0.0017484414647676145
31:01/35:01/03:04	0.0	0.0	0.0352273633484912	0.0	0.0	0.0	0.0	0.0011757928403735088	0.005032480478355886
02:06/40:02/07:02	0.0	0.0	0.0351993273767992	0.0	0.0	0.0	0.0	0.0011748570764770665	0.005028475339542743
02:11/40:01/03:04	0.0	0.0	0.0	0.3073674030721694	0.0341907374556973	0.0	0.0	0.001123020435433636	0.04879402007540953
02:11/51:01/14:02	0.0	0.0	0.0	0.3267718451922737	0.0	0.0	0.0	0.001120717352597439	0.046681692170324814
03:01/07:02/03:04	0.0	0.0	0.0325143058761073	0.0	0.0	0.0	0.0	0.0010852384176654162	0.004644900839443899
02:11/51:01/07:02	0.0	0.0	0.0	0.3138667138072673	0.0	0.0	0.0	0.0010764570991713322	0.04483810197246675
31:01/15:01/01:02	0.0	0.0	0.0296738084206352	0.0	0.0341907374556973	0.0	0.0	0.0010592841803235577	0.009123506553761786
02:06/15:01/01:02	0.0	0.0	0.0314202433101968	0.0	0.0	0.0	0.0	0.0010487216077301267	0.0044886061871709714
26:01/35:01/03:04	0.0	0.0	0.0306532121081995	0.0	0.0	0.0	0.0	0.0010231202084221612	0.004379030301171357
33:03/51:01/03:02	0.0	0.0	0.0	0.0	0.0	0.052419385145402	0.0	0.0010177979136488074	0.007488483592200286
02:01/35:01/03:04	0.0	0.0	0.0280310241675938	0.0	0.0341907374556973	0.0	0.0	0.001004452544362158	0.008888823089041585
02:11/51:01/15:02	0.0	0.0	0.0	0.2675716234941852	0.0341907374556973	0.0	0.0	0.0009865343170933395	0.04310890870712607
31:01/40:01/04:01	0.0	0.0	0.0293133606522273	0.0	0.0	0.0	0.0	0.0009783996389741611	0.0041876229503181855
11:01/40:01/03:03	0.0	0.0	0.0	0.0	0.0	0.0501961345716878	0.0	0.0009746302994318879	0.007170876367383971
02:06/27:05/01:02	0.0	0.0	0.0288260913412831	0.0	0.0	0.0	0.0	0.0009621359248416511	0.004118013048754729
02:11/35:01/04:01	0.0	0.0	0.0	0.267371644702336	0.0	0.0	0.0	0.0009169946744772675	0.038195949243190856
31:01/15:01/07:02	0.0	0.0	0.026818056098213	0.0	0.0	0.0	0.0	0.0008951132118823337	0.0038311508711732856
11:01/40:01/01:02	0.0	0.0	0.0	0.0	0.0	0.0459007725057873	0.0	0.0008912296540997625	0.006557253215112471
11:01/44:03/07:01	0.0	0.0	0.0	0.1467844332172884	0.0	0.0157180392341128	0.0	0.0008086095459471378	0.02321463892162874
11:01/40:01/08:01	0.0	0.0	0.0	0.0	0.0	0.0406164682714937	0.0	0.0007886272712249731	0.005802352610213385
02:06/51:01/01:02	0.0	0.0	0.0230109360599186	0.0	0.0	0.0	0.0	0.0007680419792389517	0.0032872765799883716
24:02/40:06/14:02	0.0	0.0	0.0	0.2222764271403489	0.0	0.0	0.0	0.0007623332690213035	0.03175377530576413
33:03/40:01/03:02	0.0	0.0	0.0	0.0	0.0	0.0387364114958954	0.0	0.0007521232592370893	0.0055337730708422
32:01/58:01/03:02	0.0	0.0	0.0	0.0	0.0	0.0363750343308614	0.0	0.0007062737181704988	0.005196433475837343
11:01/15:01/07:02	0.0	0.0	0.0	0.0	0.0	0.0333889371498242	0.0	0.0006482943375962716	0.0047698481642606
02:11/18:01/07:01	0.0	0.0	0.0	0.1882800325259905	0.0	0.0	0.0	0.0006457370875245678	0.026897147503712925
01:01/40:06/12:02	0.0	0.0	0.0	0.1866802021911972	0.0	0.0	0.0	0.0006402502083953098	0.02666860031302817
24:02/44:03/07:01	0.0	0.0	0.0	0.1865802127952726	0.0	0.0	0.0	0.000639907278449731	0.026654316113610372
33:03/51:01/15:02	0.0	0.0	0.0	0.0801914955315158	0.0	0.0182923364595106	0.0	0.0006302018931079057	0.014069118855860915
33:03/51:01/07:02	0.0	0.0	0.0	0.0401957371616825	0.0	0.0252039390607495	0.0	0.0006272286409392983	0.009342810888918859
68:01/51:01/07:01	0.0	0.0	0.0	0.1606829592508055	0.0341907374556973	0.0	0.0	0.0006199422052697794	0.0278390995295004
33:03/40:01/15:02	0.0	0.0	0.0	0.0	0.0	0.0318360991435134	0.0	0.0006181437496282184	0.004548014163359058
26:01/15:03/08:01	0.0	0.0	0.0	0.0	0.0	0.0317324315540406	0.0	0.0006161308939645026	0.0045332045077200855
33:03/40:06/15:02	0.0	0.0	0.0	0.1769812307865126	0.0	0.0	0.0	0.0006069860036741822	0.0252830329695018
11:01/52:01/07:02	0.0	0.0	0.0	0.0	0.0	0.0312079417322211	0.0	0.0006059471681367924	0.0044582773903173
33:03/57:01/06:02	0.0	0.0	0.0	0.0817913258663092	0.0	0.0161541844532949	0.0	0.0005941734693591554	0.013992215759943444
11:01/35:01/08:01	0.0	0.0	0.0	0.0	0.0	0.0305233189018183	0.0	0.0005926542291508144	0.004360474128831186
33:03/35:03/04:01	0.0	0.0	0.0	0.1723407229216527	0.0	0.0	0.0	0.0005910706248998779	0.024620103274521816
24:02/40:01/12:03	0.0	0.0	0.0	0.0	0.0	0.0298802637484687	0.0	0.000580168386525517	0.0042686091069241
33:03/15:01/04:01	0.0	0.0	0.0	0.0400957477657579	0.0	0.0216989582015499	0.0	0.0005588314559509119	0.00882781513818683
24:02/40:01/03:02	0.0	0.0	0.0	0.0	0.0	0.0278288829392117	0.0	0.0005403378714981176	0.003975554705601672
03:01/44:03/07:01	0.0	0.0	0.0	0.1538836803279339	0.0	0.0	0.0	0.000527769186245518	0.021983382903990555
11:01/35:03/14:02	0.0	0.0	0.0	0.0601936163465992	0.0	0.0162493825842718	0.0	0.0005219490100343209	0.010920428418695859
03:01/40:06/15:02	0.0	0.0	0.0	0.151683913617593	0.0	0.0	0.0	0.0005202247274427879	0.021669130516799
24:02/40:01/12:02	0.0	0.0	0.0	0.0	0.0	0.0266610544675238	0.0	0.0005176627985515994	0.0038087220667891142
24:02/52:01/15:02	0.0	0.0	0.0	0.0601936163465992	0.1366629769062522	0.0	0.0	0.0004816576312879232	0.02812237046469306
11:01/35:01/07:02	0.0	0.0	0.0	0.0	0.0	0.0247874826747906	0.0	0.00048128470185272254	0.0035410689535415145
02:11/08:01/15:02	0.0	0.0	0.0	0.1378853769800005	0.0	0.0	0.0	0.00047290039495293635	0.01969791099714293
02:06/50:01/06:02	0.0	0.0	0.0	0.0	0.0	0.024316332722963	0.0	0.0004721366464786329	0.003473761817566143
11:01/40:06/03:04	0.0	0.0	0.0	0.0	0.0	0.0233921765965041	0.0	0.0004541928233149967	0.0033417395137863002
02:01/40:01/01:02	0.0	0.0	0.0	0.0	0.0	0.0223508797085216	0.0	0.0004339745434336549	0.0031929828155030857
23:01/15:03/02:02	0.0	0.0	0.0	0.0	0.2147418247217482	0.0	0.0	0.00043245007395648115	0.03067740353167831
11:01/40:06/12:02	0.0	0.0	0.0	0.1247071745547241	0.0	0.0	0.0	0.00042770359984545465	0.017815310650674872
68:01/58:01/03:02	0.0	0.0	0.0	0.1199872751095001	0.0	0.0	0.0	0.00041151593469436097	0.017141039301357155
26:01/40:02/15:02	0.0	0.0	0.0	0.0	0.0	0.0210888382562594	0.0	0.00040947018968193134	0.0030126911794656286
11:01/15:01/15:02	0.0	0.0	0.0	0.0	0.0	0.020864351537933	0.0	0.00040511145649723806	0.002980621648276143
11:01/40:01/12:02	0.0	0.0	0.0	0.0	0.0	0.0206368384942695	0.0	0.00040069396284434064	0.002948119784895643
02:06/35:03/12:03	0.0	0.0	0.0	0.0	0.0	0.0204979039378714	0.0	0.0003979963481881696	0.0029282719911244855
03:01/40:01/07:02	0.0	0.0	0.0	0.0	0.0	0.0190704493543652	0.0	0.0003702802600865816	0.002724349907766457
68:01/44:03/07:01	0.0	0.0	0.0	0.1062887278678321	0.0	0.0	0.0	0.00036453453215008785	0.015184103981118871
02:11/44:03/07:01	0.0	0.0	0.0	0.1048888763248879	0.0	0.0	0.0	0.00035973351291198686	0.0149841251892697
03:01/40:01/12:03	0.0	0.0	0.0	0.1038889823656421	0.0	0.0	0.0	0.00035630421345620063	0.01484128319509173
02:01/08:01/15:02	0.0	0.0	0.0	0.1028890884063963	0.0	0.0	0.0	0.00035287491400041434	0.014698441200913756
24:02/53:01/04:01	0.0	0.0	0.0	0.0	0.1745527122738233	0.0	0.0	0.0003515166802271957	0.024936101753403328
31:01/58:01/03:02	0.0	0.0	0.0	0.1024891308226979	0.0	0.0	0.0	0.00035150319421809964	0.014641304403242556
24:02/40:01/08:01	0.0	0.0	0.0	0.0	0.0	0.0179717656835864	0.0	0.0003489477331067843	0.0025673950976552
68:01/40:06/07:02	0.0	0.0	0.0	0.1003933530841187	0.0	0.0	0.0	0.0003443153825587717	0.014341907583445529
11:01/44:03/05:01	0.0	0.0	0.0	0.1003893535082817	0.0	0.0	0.0	0.0003443016653609485	0.014341336215468814
23:01/42:01/17:01	0.0	0.0	0.0	0.0	0.1708537143619496	0.0	0.0	0.00034406758677450023	0.024407673480278513
11:01/45:01/06:02	0.0	0.0	0.0	0.0	0.0	0.0177097085891203	0.0	0.00034385951691987877	0.0025299583698743283
02:01/40:01/14:02	0.0	0.0	0.0	0.0	0.0	0.0176652988594671	0.0	0.0003429972380117734	0.0025236141227810145
26:01/40:06/12:02	0.0	0.0	0.0	0.0984895549857146	0.0	0.0	0.0	0.0003377859963949544	0.014069936426530658
02:06/40:06/15:02	0.0	0.0	0.0	0.0968897246509213	0.0	0.0	0.0	0.0003322991172656963	0.0138413892358459
11:01/40:02/01:02	0.0	0.0	0.0	0.0	0.0	0.0162835368273612	0.0	0.00031616833665141706	0.002326219546765886
02:01/40:06/07:02	0.0	0.0	0.0	0.0	0.0	0.0161543403763802	0.0	0.00031365980134726295	0.0023077629109114575
68:01/52:01/07:02	0.0	0.0	0.0	0.0903414191118203	0.0	0.0	0.0	0.0003098406351297515	0.012905917015974327
03:01/40:06/01:02	0.0	0.0	0.0	0.0902904245198988	0.0	0.0	0.0	0.0003096657408575065	0.012898632074271258
02:11/08:01/07:02	0.0	0.0	0.0	0.0902904245198988	0.0	0.0	0.0	0.0003096657408575065	0.012898632074271258
11:01/40:01/12:03	0.0	0.0	0.0	0.0882906366014071	0.0	0.0	0.0	0.00030280714194593373	0.0126129480859153
30:01/51:01/14:02	0.0	0.0	0.0	0.0	0.0	0.0151701609495012	0.0	0.00029455053929554293	0.002167165849928743
11:01/44:03/07:02	0.0	0.0	0.0	0.0	0.0	0.0150720924162726	0.0	0.0002926463973786204	0.0021531560594675145
11:01/51:01/16:01	0.0	0.0	0.0	0.0	0.0	0.0150182635147859	0.0	0.0002916012316736965	0.002145466216397986
31:01/40:06/15:02	0.0	0.0	0.0	0.0849989856875698	0.0	0.0	0.0	0.0002915178881374851	0.012142712241081401
02:06/08:01/07:02	0.0	0.0	0.0	0.0	0.0	0.0149662489910188	0.0	0.00029059129472722633	0.0021380355701455427
02:11/40:06/12:02	0.0	0.0	0.0	0.0842910607644238	0.0	0.0	0.0	0.00028908994412278854	0.012041580109203401
02:06/57:01/06:02	0.0	0.0	0.0	0.08399109257665	0.0	0.0	0.0	0.0002880611542860524	0.01199872751095
11:01/40:01/03:02	0.0	0.0	0.0	0.0	0.0	0.0145876323028924	0.0	0.0002832399060343074	0.0020839474718417714
11:01/51:01/07:02	0.0	0.0	0.0	0.080391474323365	0.0	0.0	0.0	0.0002757156762452216	0.011484496331909287
30:02/15:03/02:02	0.0	0.0	0.0	0.0	0.1367629498227894	0.0	0.0	0.0002754151308996585	0.019537564260398484
68:01/40:02/03:04	0.0	0.0	0.0	0.0	0.1367629498227894	0.0	0.0	0.0002754151308996585	0.019537564260398484
11:01/51:01/03:04	0.0	0.0	0.0	0.0802914849274404	0.0	0.0	0.0	0.00027537274629964287	0.011470212132491485
24:02/52:01/04:01	0.0	0.0	0.0	0.0802914849274404	0.0	0.0	0.0	0.00027537274629964287	0.011470212132491485
11:01/40:06/07:02	0.0	0.0	0.0	0.0802914849274404	0.0	0.0	0.0	0.00027537274629964287	0.011470212132491485
02:11/52:01/15:02	0.0	0.0	0.0	0.0601936163465992	0.0341907374556973	0.0	0.0	0.0002752976099632522	0.013483479114613787
23:01/58:01/03:02	0.0	0.0	0.0	0.0400957477657579	0.0683814749113947	0.0	0.0	0.00027522247362686135	0.015496746096736087
25:01/44:03/16:01	0.0	0.0	0.0	0.0	0.1366629769062522	0.0	0.0	0.00027521380404958555	0.019523282415178887
30:01/08:01/07:01	0.0	0.0	0.0	0.0	0.1366629769062522	0.0	0.0	0.00027521380404958555	0.019523282415178887
68:01/35:01/03:04	0.0	0.0	0.0	0.0	0.1366629769062522	0.0	0.0	0.00027521380404958555	0.019523282415178887
02:01/50:01/07:01	0.0	0.0	0.0	0.0	0.1366629769062522	0.0	0.0	0.00027521380404958555	0.019523282415178887
30:02/27:05/02:02	0.0	0.0	0.0	0.0	0.1366629769062522	0.0	0.0	0.00027521380404958555	0.019523282415178887
01:01/51:01/07:02	0.0	0.0	0.0	0.0801914955315158	0.0	0.0	0.0	0.00027502981635406425	0.011455927933073687
32:01/53:01/04:01	0.0	0.0	0.0	0.0	0.1334638435770642	0.0	0.0	0.00026877134484725444	0.01906626336815203
24:02/40:06/07:02	0.0	0.0	0.0	0.0752920151312113	0.0	0.0	0.0	0.00025822624902071146	0.010756002161601613
11:01/40:06/01:02	0.0	0.0	0.0	0.0703925347309067	0.0	0.0	0.0	0.00024142268168735834	0.010056076390129528
68:01/15:01/04:01	0.0	0.0	0.0	0.0702279521852148	0.0	0.0	0.0	0.00024085821899693578	0.010032564597887829
02:01/40:02/04:01	0.0	0.0	0.0	0.0	0.1189677706791808	0.0	0.0	0.00023957895158669115	0.016995395811311542
02:11/35:03/12:03	0.0	0.0	0.0	0.0644931603713562	0.0	0.0	0.0	0.00022118981489821865	0.009213308624479458
02:01/40:06/12:02	0.0	0.0	0.0	0.0641931921835825	0.0	0.0	0.0	0.00022016102506148294	0.009170456026226072
02:01/40:01/12:03	0.0	0.0	0.0	0.0641931921835825	0.0	0.0	0.0	0.00022016102506148294	0.009170456026226072
33:03/18:01/12:03	0.0	0.0	0.0	0.0619934254732417	0.0	0.0	0.0	0.0002126165662587531	0.008856203639034528
68:01/40:06/01:02	0.0	0.0	0.0	0.0615934678895433	0.0	0.0	0.0	0.00021124484647643834	0.00879906684136333
02:11/57:01/06:02	0.0	0.0	0.0	0.061193510305845	0.0	0.0	0.0	0.00020987312669412393	0.008741930043692144
68:01/35:03/12:03	0.0	0.0	0.0	0.0610935209099204	0.0	0.0	0.0	0.00020953019674854525	0.008727645844274342
01:01/35:03/06:02	0.0	0.0	0.0	0.0602936057425237	0.0	0.0	0.0	0.00020678675718391603	0.008613372248931958
29:02/51:01/15:02	0.0	0.0	0.0	0.0	0.102572212367092	0.0	0.0	0.00020656134817474377	0.014653173195298857
24:02/40:02/04:01	0.0	0.0	0.0	0.0	0.102572212367092	0.0	0.0	0.00020656134817474377	0.014653173195298857
68:02/45:01/06:02	0.0	0.0	0.0	0.0	0.102572212367092	0.0	0.0	0.00020656134817474377	0.014653173195298857
02:02/53:01/04:01	0.0	0.0	0.0	0.0	0.102572212367092	0.0	0.0	0.00020656134817474377	0.014653173195298857
74:01/15:03/02:02	0.0	0.0	0.0	0.0	0.102572212367092	0.0	0.0	0.00020656134817474377	0.014653173195298857
30:01/53:01/04:01	0.0	0.0	0.0	0.0	0.102572212367092	0.0	0.0	0.00020656134817474377	0.014653173195298857
03:01/45:01/16:01	0.0	0.0	0.0	0.0	0.102572212367092	0.0	0.0	0.00020656134817474377	0.014653173195298857
31:01/08:01/14:02	0.0	0.0	0.0	0.0601936163465992	0.0	0.0	0.0	0.00020644382723833767	0.008599088049514172
02:11/07:02/07:02	0.0	0.0	0.0	0.0601936163465992	0.0	0.0	0.0	0.00020644382723833767	0.008599088049514172
11:01/40:06/04:01	0.0	0.0	0.0	0.0601936163465992	0.0	0.0	0.0	0.00020644382723833767	0.008599088049514172
30:02/40:06/01:02	0.0	0.0	0.0	0.0601936163465992	0.0	0.0	0.0	0.00020644382723833767	0.008599088049514172
32:01/35:03/12:03	0.0	0.0	0.0	0.0400957477657579	0.0341907374556973	0.0	0.0	0.00020636869090194667	0.010612355031636458
23:01/44:03/02:02	0.0	0.0	0.0	0.0	0.1024722394505548	0.0	0.0	0.00020636002132467079	0.014638891350079257
24:02/14:02/02:02	0.0	0.0	0.0	0.0	0.1024722394505548	0.0	0.0	0.00020636002132467079	0.014638891350079257
74:01/53:01/04:01	0.0	0.0	0.0	0.0	0.1024722394505548	0.0	0.0	0.00020636002132467079	0.014638891350079257
68:01/45:01/06:02	0.0	0.0	0.0	0.0	0.1024722394505548	0.0	0.0	0.00020636002132467079	0.014638891350079257
11:01/40:06/06:02	0.0	0.0	0.0	0.0600936269506746	0.0	0.0	0.0	0.000206100897292759	0.008584803850096372
11:01/53:01/04:01	0.0	0.0	0.0	0.0	0.1021723207009435	0.0	0.0	0.0002057560407744524	0.0145960458144205
33:03/18:01/07:01	0.0	0.0	0.0	0.0598936481588254	0.0	0.0	0.0	0.00020541503740160162	0.00855623545126077
31:01/40:06/14:02	0.0	0.0	0.0	0.0595936799710517	0.0	0.0	0.0	0.00020438624756486588	0.008513382853007385
33:03/15:01/12:03	0.0	0.0	0.0	0.0583898076441197	0.0	0.0	0.0	0.00020025737102009907	0.008341401092017099
02:01/40:06/01:02	0.0	0.0	0.0	0.05759389205256	0.0	0.0	0.0	0.00019752764865329307	0.008227698864651429
02:01/15:03/02:02	0.0	0.0	0.0	0.0	0.0928748394629907	0.0	0.0	0.00018703264371767734	0.013267834208998672
11:01/51:01/12:02	0.0	0.0	0.0	0.0527034106978886	0.0	0.0	0.0	0.00018075494501504203	0.007529058671126943
31:01/40:02/04:01	0.0	0.0	0.0	0.0	0.0861766540550032	0.0	0.0	0.0001735437447627964	0.012310950579286172
24:02/35:01/12:03	0.0	0.0	0.0	0.0488653177353235	0.0	0.0	0.0	0.00016759157905400627	0.006980759676474786
33:03/38:01/12:03	0.0	0.0	0.0	0.0	0.0809780623950726	0.0	0.0	0.00016307474855900819	0.011568294627867515
24:02/35:03/12:02	0.0	0.0	0.0	0.0451657100861139	0.0	0.0	0.0	0.00015490317106759674	0.006452244298016272
68:01/53:01/04:01	0.0	0.0	0.0	0.0	0.0718805269901941	0.0	0.0	0.0001447540052023789	0.01026864671288487
30:02/44:02/05:01	0.0	0.0	0.0	0.0	0.0699810415759887	0.0	0.0	0.00014092879505099478	0.009997291653712671
32:01/44:03/07:01	0.0	0.0	0.0	0.0402957265576071	0.0	0.0	0.0	0.0001382007680681895	0.005756532365372443
24:02/15:01/12:03	0.0	0.0	0.0	0.0402214344364351	0.0	0.0	0.0	0.00013794597111862445	0.005745919205205014
68:01/40:06/03:04	0.0	0.0	0.0	0.0401957371616825	0.0	0.0	0.0	0.0001378578381226108	0.005742248165954643
32:01/35:01/03:03	0.0	0.0	0.0	0.0401957371616825	0.0	0.0	0.0	0.0001378578381226108	0.005742248165954643
33:03/35:01/03:02	0.0	0.0	0.0	0.0401957371616825	0.0	0.0	0.0	0.0001378578381226108	0.005742248165954643
68:01/40:06/12:02	0.0	0.0	0.0	0.0401957371616825	0.0	0.0	0.0	0.0001378578381226108	0.005742248165954643
32:01/51:01/04:01	0.0	0.0	0.0	0.0401957371616825	0.0	0.0	0.0	0.0001378578381226108	0.005742248165954643
33:03/35:03/07:01	0.0	0.0	0.0	0.0401957371616825	0.0	0.0	0.0	0.0001378578381226108	0.005742248165954643
33:03/51:01/12:02	0.0	0.0	0.0	0.0401957371616825	0.0	0.0	0.0	0.0001378578381226108	0.005742248165954643
03:02/18:01/07:01	0.0	0.0	0.0	0.0401957371616825	0.0	0.0	0.0	0.0001378578381226108	0.005742248165954643
32:01/52:01/15:02	0.0	0.0	0.0	0.0401957371616825	0.0	0.0	0.0	0.0001378578381226108	0.005742248165954643
02:06/40:01/02:02	0.0	0.0	0.0	0.0401957371616825	0.0	0.0	0.0	0.0001378578381226108	0.005742248165954643
26:01/52:01/12:03	0.0	0.0	0.0	0.0401957371616825	0.0	0.0	0.0	0.0001378578381226108	0.005742248165954643
02:11/40:06/03:04	0.0	0.0	0.0	0.0401957371616825	0.0	0.0	0.0	0.0001378578381226108	0.005742248165954643
33:03/27:05/02:02	0.0	0.0	0.0	0.0401957371616825	0.0	0.0	0.0	0.0001378578381226108	0.005742248165954643
24:02/07:02/01:02	0.0	0.0	0.0	0.0401957371616825	0.0	0.0	0.0	0.0001378578381226108	0.005742248165954643
32:01/51:01/12:02	0.0	0.0	0.0	0.0401727396006198	0.0	0.0	0.0	0.00013777896423512756	0.005738962800088543
03:01/15:03/02:02	0.0	0.0	0.0	0.0	0.0683814749113947	0.0	0.0	0.00013770756544982925	0.009768782130199242
02:02/35:01/04:01	0.0	0.0	0.0	0.0	0.0683814749113947	0.0	0.0	0.00013770756544982925	0.009768782130199242
02:01/51:01/03:04	0.0	0.0	0.0	0.0	0.0683814749113947	0.0	0.0	0.00013770756544982925	0.009768782130199242
24:02/52:01/03:04	0.0	0.0	0.0	0.0	0.0683814749113947	0.0	0.0	0.00013770756544982925	0.009768782130199242
68:02/42:01/17:01	0.0	0.0	0.0	0.0	0.0683814749113947	0.0	0.0	0.00013770756544982925	0.009768782130199242
29:02/35:03/04:01	0.0	0.0	0.0	0.0	0.0683814749113947	0.0	0.0	0.00013770756544982925	0.009768782130199242
74:01/53:01/02:02	0.0	0.0	0.0	0.0	0.0683814749113947	0.0	0.0	0.00013770756544982925	0.009768782130199242
29:02/51:01/14:02	0.0	0.0	0.0	0.0	0.0683814749113947	0.0	0.0	0.00013770756544982925	0.009768782130199242
29:02/15:03/02:02	0.0	0.0	0.0	0.0	0.0683814749113947	0.0	0.0	0.00013770756544982925	0.009768782130199242
68:01/58:01/07:01	0.0	0.0	0.0	0.0	0.0683814749113947	0.0	0.0	0.00013770756544982925	0.009768782130199242
30:01/58:02/06:02	0.0	0.0	0.0	0.0	0.0683814749113947	0.0	0.0	0.00013770756544982925	0.009768782130199242
74:01/42:01/17:01	0.0	0.0	0.0	0.0	0.0683814749113947	0.0	0.0	0.00013770756544982925	0.009768782130199242
30:01/58:01/03:02	0.0	0.0	0.0	0.0	0.0683814749113947	0.0	0.0	0.00013770756544982925	0.009768782130199242
02:01/50:01/01:02	0.0	0.0	0.0	0.0	0.0683814749113947	0.0	0.0	0.00013770756544982925	0.009768782130199242
01:01/44:03/02:02	0.0	0.0	0.0	0.0	0.0683814749113947	0.0	0.0	0.00013770756544982925	0.009768782130199242
33:03/58:01/07:01	0.0	0.0	0.0	0.0	0.0683814749113947	0.0	0.0	0.00013770756544982925	0.009768782130199242
33:03/35:01/07:01	0.0	0.0	0.0	0.0	0.0683814749113947	0.0	0.0	0.00013770756544982925	0.009768782130199242
29:02/27:05/02:02	0.0	0.0	0.0	0.0	0.0683814749113947	0.0	0.0	0.00013770756544982925	0.009768782130199242
26:01/07:02/12:03	0.0	0.0	0.0	0.0	0.0683814749113947	0.0	0.0	0.00013770756544982925	0.009768782130199242
11:01/40:02/04:01	0.0	0.0	0.0	0.0	0.0683814749113947	0.0	0.0	0.00013770756544982925	0.009768782130199242
24:02/44:02/07:01	0.0	0.0	0.0	0.0	0.0683814749113947	0.0	0.0	0.00013770756544982925	0.009768782130199242
23:01/58:02/06:02	0.0	0.0	0.0	0.0	0.0683814749113947	0.0	0.0	0.00013770756544982925	0.009768782130199242
31:01/57:01/07:01	0.0	0.0	0.0	0.0	0.0683814749113947	0.0	0.0	0.00013770756544982925	0.009768782130199242
23:01/15:01/03:03	0.0	0.0	0.0	0.0	0.0683814749113947	0.0	0.0	0.00013770756544982925	0.009768782130199242
68:02/51:01/16:01	0.0	0.0	0.0	0.0	0.0683814749113947	0.0	0.0	0.00013770756544982925	0.009768782130199242
33:03/51:01/07:01	0.0	0.0	0.0	0.0400957477657579	0.0	0.0	0.0	0.00013751490817703212	0.005727963966536844
32:01/40:06/15:02	0.0	0.0	0.0	0.0400957477657579	0.0	0.0	0.0	0.00013751490817703212	0.005727963966536844
33:03/08:01/06:02	0.0	0.0	0.0	0.0400957477657579	0.0	0.0	0.0	0.00013751490817703212	0.005727963966536844
01:01/40:06/14:02	0.0	0.0	0.0	0.0400957477657579	0.0	0.0	0.0	0.00013751490817703212	0.005727963966536844
02:01/51:01/06:02	0.0	0.0	0.0	0.0400957477657579	0.0	0.0	0.0	0.00013751490817703212	0.005727963966536844
33:03/35:01/12:03	0.0	0.0	0.0	0.0400957477657579	0.0	0.0	0.0	0.00013751490817703212	0.005727963966536844
68:01/35:01/07:01	0.0	0.0	0.0	0.0400957477657579	0.0	0.0	0.0	0.00013751490817703212	0.005727963966536844
01:01/40:01/12:03	0.0	0.0	0.0	0.0400957477657579	0.0	0.0	0.0	0.00013751490817703212	0.005727963966536844
24:02/35:01/03:02	0.0	0.0	0.0	0.0400957477657579	0.0	0.0	0.0	0.00013751490817703212	0.005727963966536844
24:02/07:02/12:02	0.0	0.0	0.0	0.0400957477657579	0.0	0.0	0.0	0.00013751490817703212	0.005727963966536844
32:01/40:01/12:03	0.0	0.0	0.0	0.0400957477657579	0.0	0.0	0.0	0.00013751490817703212	0.005727963966536844
31:01/57:01/04:01	0.0	0.0	0.0	0.0400957477657579	0.0	0.0	0.0	0.00013751490817703212	0.005727963966536844
68:02/35:03/04:01	0.0	0.0	0.0	0.0	0.0341907374556973	0.0	0.0	6.885378272491453e-05	0.004884391065099614
32:01/27:05/03:04	0.0	0.0	0.0	0.0	0.0341907374556973	0.0	0.0	6.885378272491453e-05	0.004884391065099614
74:01/08:01/07:01	0.0	0.0	0.0	0.0	0.0341907374556973	0.0	0.0	6.885378272491453e-05	0.004884391065099614
68:01/52:01/16:01	0.0	0.0	0.0	0.0	0.0341907374556973	0.0	0.0	6.885378272491453e-05	0.004884391065099614
23:01/44:03/16:01	0.0	0.0	0.0	0.0	0.0341907374556973	0.0	0.0	6.885378272491453e-05	0.004884391065099614
68:01/53:01/02:02	0.0	0.0	0.0	0.0	0.0341907374556973	0.0	0.0	6.885378272491453e-05	0.004884391065099614
25:01/14:02/08:02	0.0	0.0	0.0	0.0	0.0341907374556973	0.0	0.0	6.885378272491453e-05	0.004884391065099614
30:02/58:01/03:02	0.0	0.0	0.0	0.0	0.0341907374556973	0.0	0.0	6.885378272491453e-05	0.004884391065099614
29:02/57:01/07:01	0.0	0.0	0.0	0.0	0.0341907374556973	0.0	0.0	6.885378272491453e-05	0.004884391065099614
24:02/58:02/06:02	0.0	0.0	0.0	0.0	0.0341907374556973	0.0	0.0	6.885378272491453e-05	0.004884391065099614
33:03/42:01/15:02	0.0	0.0	0.0	0.0	0.0341907374556973	0.0	0.0	6.885378272491453e-05	0.004884391065099614
32:01/40:02/15:02	0.0	0.0	0.0	0.0	0.0341907374556973	0.0	0.0	6.885378272491453e-05	0.004884391065099614
02:01/52:01/15:02	0.0	0.0	0.0	0.0	0.0341907374556973	0.0	0.0	6.885378272491453e-05	0.004884391065099614
03:02/35:01/03:04	0.0	0.0	0.0	0.0	0.0341907374556973	0.0	0.0	6.885378272491453e-05	0.004884391065099614
24:02/57:01/12:03	0.0	0.0	0.0	0.0	0.0341907374556973	0.0	0.0	6.885378272491453e-05	0.004884391065099614
29:02/18:01/04:01	0.0	0.0	0.0	0.0	0.0341907374556973	0.0	0.0	6.885378272491453e-05	0.004884391065099614
29:02/53:01/04:01	0.0	0.0	0.0	0.0	0.0341907374556973	0.0	0.0	6.885378272491453e-05	0.004884391065099614
01:01/53:01/04:01	0.0	0.0	0.0	0.0	0.0341907374556973	0.0	0.0	6.885378272491453e-05	0.004884391065099614
01:01/58:01/16:01	0.0	0.0	0.0	0.0	0.0341907374556973	0.0	0.0	6.885378272491453e-05	0.004884391065099614
03:02/18:01/07:02	0.0	0.0	0.0	0.0	0.0341907374556973	0.0	0.0	6.885378272491453e-05	0.004884391065099614
24:02/18:01/01:02	0.0	0.0	0.0	0.0	0.0341907374556973	0.0	0.0	6.885378272491453e-05	0.004884391065099614
29:02/51:01/04:01	0.0	0.0	0.0	0.0	0.0341907374556973	0.0	0.0	6.885378272491453e-05	0.004884391065099614
29:02/57:01/06:02	0.0	0.0	0.0	0.0	0.0341907374556973	0.0	0.0	6.885378272491453e-05	0.004884391065099614
29:02/18:01/05:01	0.0	0.0	0.0	0.0	0.0341907374556973	0.0	0.0	6.885378272491453e-05	0.004884391065099614
29:02/15:01/16:01	0.0	0.0	0.0	0.0	0.0341907374556973	0.0	0.0	6.885378272491453e-05	0.004884391065099614
29:02/15:03/16:01	0.0	0.0	0.0	0.0	0.0341907374556973	0.0	0.0	6.885378272491453e-05	0.004884391065099614
23:01/53:01/04:01	0.0	0.0	0.0	0.0	0.0341907374556973	0.0	0.0	6.885378272491453e-05	0.004884391065099614
02:01/40:02/16:01	0.0	0.0	0.0	0.0	0.0341907374556973	0.0	0.0	6.885378272491453e-05	0.004884391065099614
02:01/35:03/02:02	0.0	0.0	0.0	0.0	0.0341907374556973	0.0	0.0	6.885378272491453e-05	0.004884391065099614
23:01/53:01/06:02	0.0	0.0	0.0	0.0	0.0341907374556973	0.0	0.0	6.885378272491453e-05	0.004884391065099614
02:02/15:03/02:02	0.0	0.0	0.0	0.0	0.0341907374556973	0.0	0.0	6.885378272491453e-05	0.004884391065099614
32:01/45:01/16:01	0.0	0.0	0.0	0.0	0.0341907374556973	0.0	0.0	6.885378272491453e-05	0.004884391065099614
30:02/45:01/16:01	0.0	0.0	0.0	0.0	0.0341907374556973	0.0	0.0	6.885378272491453e-05	0.004884391065099614
33:03/40:02/08:02	0.0	0.0	0.0	0.0	0.0341907374556973	0.0	0.0	6.885378272491453e-05	0.004884391065099614
32:01/45:01/06:02	0.0	0.0	0.0	0.0	0.0341907374556973	0.0	0.0	6.885378272491453e-05	0.004884391065099614
29:02/40:02/02:02	0.0	0.0	0.0	0.0	0.0341907374556973	0.0	0.0	6.885378272491453e-05	0.004884391065099614
30:02/08:01/16:01	0.0	0.0	0.0	0.0	0.0341907374556973	0.0	0.0	6.885378272491453e-05	0.004884391065099614
24:02/44:02/07:02	0.0	0.0	0.0	0.0	0.0341907374556973	0.0	0.0	6.885378272491453e-05	0.004884391065099614
02:01/35:03/03:04	0.0	0.0	0.0	0.0	0.0341907374556973	0.0	0.0	6.885378272491453e-05	0.004884391065099614
68:02/15:01/03:03	0.0	0.0	0.0	0.0	0.0341907374556973	0.0	0.0	6.885378272491453e-05	0.004884391065099614
68:02/51:01/02:02	0.0	0.0	0.0	0.0	0.0341907374556973	0.0	0.0	6.885378272491453e-05	0.004884391065099614
68:02/08:01/03:04	0.0	0.0	0.0	0.0	0.0341907374556973	0.0	0.0	6.885378272491453e-05	0.004884391065099614
11:01/15:03/02:02	0.0	0.0	0.0	0.0	0.0341907374556973	0.0	0.0	6.885378272491453e-05	0.004884391065099614
23:01/58:01/07:01	0.0	0.0	0.0	0.0	0.0341907374556973	0.0	0.0	6.885378272491453e-05	0.004884391065099614
11:01/15:01/08:01	0.0	0.0	0.0	0.0	0.0341907374556973	0.0	0.0	6.885378272491453e-05	0.004884391065099614
11:01/15:03/16:01	0.0	0.0	0.0	0.0	0.0341907374556973	0.0	0.0	6.885378272491453e-05	0.004884391065099614
68:02/08:01/07:01	0.0	0.0	0.0	0.0	0.0341907374556973	0.0	0.0	6.885378272491453e-05	0.004884391065099614
26:01/58:01/07:01	0.0	0.0	0.0	0.0	0.0341907374556973	0.0	0.0	6.885378272491453e-05	0.004884391065099614
02:02/08:01/07:02	0.0	0.0	0.0	0.0	0.0341907374556973	0.0	0.0	6.885378272491453e-05	0.004884391065099614
02:01/35:03/14:02	0.0	0.0	0.0	0.0	0.0341907374556973	0.0	0.0	6.885378272491453e-05	0.004884391065099614
30:02/50:01/06:02	0.0	0.0	0.0	0.0	0.0341907374556973	0.0	0.0	6.885378272491453e-05	0.004884391065099614
68:02/52:01/16:01	0.0	0.0	0.0	0.0	0.0341907374556973	0.0	0.0	6.885378272491453e-05	0.004884391065099614
30:02/07:02/07:01	0.0	0.0	0.0	0.0	0.0341907374556973	0.0	0.0	6.885378272491453e-05	0.004884391065099614
68:02/58:01/03:02	0.0	0.0	0.0	0.0	0.0341907374556973	0.0	0.0	6.885378272491453e-05	0.004884391065099614
26:01/51:01/07:01	0.0	0.0	0.0	0.0	0.0341907374556973	0.0	0.0	6.885378272491453e-05	0.004884391065099614
68:02/58:01/07:01	0.0	0.0	0.0	0.0	0.0341907374556973	0.0	0.0	6.885378272491453e-05	0.004884391065099614
11:01/35:01/15:02	0.0	0.0	0.0	0.0	0.0341907374556973	0.0	0.0	6.885378272491453e-05	0.004884391065099614
30:02/40:01/14:02	0.0	0.0	0.0	0.0	0.0341907374556973	0.0	0.0	6.885378272491453e-05	0.004884391065099614
68:02/58:02/06:02	0.0	0.0	0.0	0.0	0.0341907374556973	0.0	0.0	6.885378272491453e-05	0.004884391065099614
24:02/51:01/04:01	0.0	0.0	0.0	0.0	0.0341907374556973	0.0	0.0	6.885378272491453e-05	0.004884391065099614
24:02/51:01/07:01	0.0	0.0	0.0	0.0	0.0341907374556973	0.0	0.0	6.885378272491453e-05	0.004884391065099614
24:02/27:05/07:01	0.0	0.0	0.0	0.0	0.0341907374556973	0.0	0.0	6.885378272491453e-05	0.004884391065099614
68:01/53:01/16:01	0.0	0.0	0.0	0.0	0.0341907374556973	0.0	0.0	6.885378272491453e-05	0.004884391065099614
02:01/44:03/05:01	0.0	0.0	0.0	0.0	0.0341907374556973	0.0	0.0	6.885378272491453e-05	0.004884391065099614
30:02/07:02/07:02	0.0	0.0	0.0	0.0	0.0341907374556973	0.0	0.0	6.885378272491453e-05	0.004884391065099614
02:01/44:03/03:04	0.0	0.0	0.0	0.0	0.0341907374556973	0.0	0.0	6.885378272491453e-05	0.004884391065099614
23:01/52:01/04:01	0.0	0.0	0.0	0.0	0.0341907374556973	0.0	0.0	6.885378272491453e-05	0.004884391065099614
68:02/15:03/12:03	0.0	0.0	0.0	0.0	0.0341907374556973	0.0	0.0	6.885378272491453e-05	0.004884391065099614
02:01/18:01/16:01	0.0	0.0	0.0	0.0	0.0341907374556973	0.0	0.0	6.885378272491453e-05	0.004884391065099614
02:01/42:01/17:01	0.0	0.0	0.0	0.0	0.0341907374556973	0.0	0.0	6.885378272491453e-05	0.004884391065099614
02:01/44:02/04:01	0.0	0.0	0.0	0.0	0.0341907374556973	0.0	0.0	6.885378272491453e-05	0.004884391065099614
30:02/51:01/03:02	0.0	0.0	0.0	0.0	0.0341907374556973	0.0	0.0	6.885378272491453e-05	0.004884391065099614
24:02/07:02/12:03	0.0	0.0	0.0	0.0	0.0341907374556973	0.0	0.0	6.885378272491453e-05	0.004884391065099614
23:01/51:01/16:01	0.0	0.0	0.0	0.0	0.0341907374556973	0.0	0.0	6.885378272491453e-05	0.004884391065099614
23:01/51:01/14:02	0.0	0.0	0.0	0.0	0.0341907374556973	0.0	0.0	6.885378272491453e-05	0.004884391065099614
30:02/07:02/08:02	0.0	0.0	0.0	0.0	0.0341907374556973	0.0	0.0	6.885378272491453e-05	0.004884391065099614
30:02/27:05/01:02	0.0	0.0	0.0	0.0	0.0341907374556973	0.0	0.0	6.885378272491453e-05	0.004884391065099614
02:01/15:03/04:01	0.0	0.0	0.0	0.0	0.0341907374556973	0.0	0.0	6.885378272491453e-05	0.004884391065099614
26:01/44:02/01:02	0.0	0.0	0.0	0.0	0.0341907374556973	0.0	0.0	6.885378272491453e-05	0.004884391065099614
02:01/52:01/16:01	0.0	0.0	0.0	0.0	0.0341907374556973	0.0	0.0	6.885378272491453e-05	0.004884391065099614
02:02/58:02/06:02	0.0	0.0	0.0	0.0	0.0341907374556973	0.0	0.0	6.885378272491453e-05	0.004884391065099614
03:01/58:01/07:01	0.0	0.0	0.0	0.0	0.0341907374556973	0.0	0.0	6.885378272491453e-05	0.004884391065099614
11:01/58:01/07:01	0.0	0.0	0.0	0.0	0.0341907374556973	0.0	0.0	6.885378272491453e-05	0.004884391065099614
03:01/40:02/03:04	0.0	0.0	0.0	0.0	0.0341907374556973	0.0	0.0	6.885378272491453e-05	0.004884391065099614
68:01/40:02/14:02	0.0	0.0	0.0	0.0	0.0341907374556973	0.0	0.0	6.885378272491453e-05	0.004884391065099614
31:01/35:03/14:02	0.0	0.0	0.0	0.0	0.0341907374556973	0.0	0.0	6.885378272491453e-05	0.004884391065099614
23:01/35:03/02:02	0.0	0.0	0.0	0.0	0.0341907374556973	0.0	0.0	6.885378272491453e-05	0.004884391065099614
25:01/53:01/04:01	0.0	0.0	0.0	0.0	0.0341907374556973	0.0	0.0	6.885378272491453e-05	0.004884391065099614
23:01/18:01/05:01	0.0	0.0	0.0	0.0	0.0341907374556973	0.0	0.0	6.885378272491453e-05	0.004884391065099614
02:02/51:01/06:02	0.0	0.0	0.0	0.0	0.0341907374556973	0.0	0.0	6.885378272491453e-05	0.004884391065099614
30:01/44:03/04:01	0.0	0.0	0.0	0.0	0.0341907374556973	0.0	0.0	6.885378272491453e-05	0.004884391065099614
01:01/14:02/02:02	0.0	0.0	0.0	0.0	0.0341907374556973	0.0	0.0	6.885378272491453e-05	0.004884391065099614
31:01/52:01/15:02	0.0	0.0	0.0	0.0	0.0341907374556973	0.0	0.0	6.885378272491453e-05	0.004884391065099614
